ID,RiskScore
0,35.47376828881268
1,54.67275952562878
2,30.18610943219065
3,36.41133702638983
4,34.60046505958263
5,71.0840474443343
6,30.83243687695325
7,33.433507949591316
8,33.75705708766584
9,67.62607840750863
10,33.245432728807245
11,29.416509773907325
12,69.50927869806058
13,36.33024896977386
14,30.53449397785739
15,58.186269603517886
16,19.435243681996266
17,35.035932167785816
18,65.29933992584489
19,63.53505968867002
20,72.8091956524937
21,29.921034295567605
22,66.40579638074333
23,42.34158972767241
24,48.321163880099434
25,27.133111699037055
26,31.013432287782575
27,28.860444853274526
28,53.376131446062246
29,67.82973491192105
30,31.177603540316678
31,69.86295586869916
32,32.54410119023315
33,32.64928566927498
34,36.574016702841845
35,37.28542876342388
36,69.4078181763572
37,55.30848459522525
38,49.42189711671284
39,72.49612579206271
40,73.37324193894895
41,44.20331073555418
42,81.8212975200089
43,20.604815663112316
44,55.552381860952025
45,30.234460053979657
46,35.17131691495058
47,68.4683211524972
48,32.38318773315103
49,35.39492363910895
50,68.85645869011766
51,58.71114197061604
52,40.06500025519176
53,25.4106169905301
54,29.121497396959548
55,40.299672720550056
56,74.30761515149476
57,36.56714806760189
58,42.584329073696125
59,62.072151654061905
60,64.69864131208998
61,47.00839394441938
62,32.46174321089097
63,88.57894251119818
64,25.977366328741024
65,31.489785594504394
66,59.44457929022707
67,63.37107389701619
68,37.490432656358934
69,72.19274303944437
70,29.82219838551917
71,38.55257783060077
72,52.2505094276942
73,47.20088946422939
74,48.344616673200605
75,68.43029174088916
76,70.5546686487094
77,28.0014022654675
78,51.79875448552198
79,57.94778322342697
80,71.8619505785953
81,54.045798368507874
82,59.36739027715116
83,34.11982295843292
84,71.15859028205517
85,71.60083361416112
86,62.68562018749709
87,25.004042855962535
88,36.968615270817345
89,74.83283531695449
90,35.406724080278764
91,43.72478420543946
92,39.276315934313345
93,30.8655686506879
94,39.58436072315769
95,38.52353708027839
96,36.472193734740884
97,67.73188637498778
98,35.18872481057316
99,63.29348934061635
100,33.48405673398966
101,35.8306572813005
102,69.87864637915064
103,74.06617411758104
104,28.931481882148315
105,81.5911753655945
106,72.93047941528411
107,70.3174923282457
108,37.40501764258798
109,66.18729539146237
110,53.47173936145454
111,67.61653701603224
112,75.40860302490907
113,62.28895571203415
114,68.97758653430041
115,28.512399964271317
116,72.3039051615769
117,52.42870643640798
118,39.83935029047926
119,45.66546446880878
120,19.805202909115508
121,78.50297891716775
122,32.88721173339129
123,53.38463295279812
124,33.82742066748073
125,58.3087532680953
126,22.577598412110962
127,28.553320412871326
128,35.10802408689885
129,61.71652583082172
130,31.303797032728195
131,70.5253588485829
132,72.19119372856001
133,79.77866556081086
134,20.38991704568613
135,38.32595694976927
136,22.147102078316234
137,39.35166925634275
138,32.32215550037721
139,49.89616487892601
140,40.29383613703579
141,35.81320174621004
142,27.647700566689362
143,29.526004644579427
144,61.32747737637558
145,32.16372076255546
146,46.66078816853153
147,63.72272524818405
148,69.27482165548344
149,69.13097432753845
150,47.71177251839862
151,33.71483628712804
152,76.72146416556009
153,48.78316675518732
154,65.96597649748911
155,30.412556436931137
156,71.6850655164851
157,66.6784956835765
158,70.61210812804806
159,73.08021952214017
160,34.548382769831605
161,38.08540054386625
162,71.04977032701656
163,40.973840188903225
164,39.34999154570187
165,46.949440010541366
166,37.47166252171859
167,34.46261755508176
168,37.02467425824909
169,30.488728152604356
170,36.03121227936375
171,49.160621867237836
172,69.74954195112123
173,45.018729154519654
174,29.79327696466607
175,60.97081338694501
176,49.906988900507685
177,39.64760091728641
178,39.32511035862019
179,72.85757826695519
180,51.134959512146054
181,29.623897806047292
182,59.57701712079448
183,73.19317811373384
184,71.87938060761995
185,64.27774621033979
186,68.88036597244574
187,57.4811212135089
188,34.12071519057645
189,18.15177155503802
190,33.060892005335106
191,68.90795180552423
192,49.05533716801021
193,30.716655474182087
194,70.31716072458748
195,25.893223524162817
196,33.94569167447419
197,62.327251125325304
198,63.57301958385287
199,33.229602070387934
200,31.829885601735693
201,56.29963077806556
202,31.756499704176896
203,33.50132705213068
204,73.6192420777385
205,59.45295595616028
206,70.43850155379111
207,37.58110165845051
208,50.54552650299635
209,62.57536978979917
210,31.890620158679827
211,30.678658664251397
212,75.18946223658612
213,66.87264330684205
214,39.602686978578674
215,57.651688156078976
216,61.01141625347074
217,61.76149850860861
218,49.51953688046278
219,33.89439627642514
220,31.861766324887252
221,36.18364432633051
222,29.448253569903
223,52.50702725767958
224,30.23597664996401
225,68.60793786359166
226,61.759906844616765
227,33.226560770222505
228,37.180807784131055
229,37.23184288579187
230,50.580380496587665
231,47.529997821800016
232,36.29111990030361
233,47.63910825235503
234,75.5338890768057
235,61.782479960030365
236,30.94013209099361
237,49.601865035462154
238,69.04144427513654
239,30.441797312795924
240,70.7401470406743
241,80.05709836996253
242,41.93221170650226
243,68.1436923463689
244,69.33726846907163
245,68.47526684691992
246,23.977224650702336
247,43.67051373529593
248,78.13485348968433
249,23.106479097795468
250,67.48801179922515
251,36.06251636222564
252,35.96461289374052
253,53.5984118166821
254,54.47384714780982
255,31.40044482658357
256,53.33329128513067
257,72.82034266771144
258,64.47159660088273
259,32.648920420783384
260,47.374618053801136
261,42.94628840042114
262,29.982789317590967
263,75.73122701136423
264,64.6778795792687
265,30.088162565106995
266,45.675917711930204
267,30.887921339201963
268,61.90074634808907
269,70.27714770983901
270,56.96591085593472
271,79.43691513280544
272,30.48094071051491
273,47.32364791751779
274,27.591606923509566
275,49.262622594457696
276,64.63088627688673
277,36.66306239307753
278,58.31652114724531
279,32.02889259013338
280,61.810932634577
281,62.621617863272206
282,51.585988160838355
283,54.918665818251725
284,34.36911028417995
285,30.319831027589213
286,30.323439104712246
287,70.3880027875331
288,49.236753822375036
289,37.12670756716123
290,52.24835910391966
291,39.83110154895945
292,53.88340269943275
293,73.65400957855452
294,34.121875368310114
295,69.49932979565611
296,73.54334358980874
297,30.26087319994457
298,38.01684076328951
299,70.00372031473952
300,45.86834911088049
301,68.8829763563751
302,51.257345233635235
303,35.40323138091357
304,59.80293816476794
305,30.212986207770054
306,33.878838055720934
307,69.60830911839747
308,48.93088670700048
309,27.665065568055752
310,72.9596690332832
311,51.64045114817556
312,43.07818831596955
313,41.90326569665814
314,67.3409475642756
315,75.40695178680328
316,38.41564129933652
317,33.56091644658375
318,58.79938394687541
319,36.983503192024614
320,28.88924514882211
321,38.3190602870651
322,73.20956683368257
323,64.1244063243487
324,92.55816780811679
325,36.72977941682711
326,74.68000003853659
327,33.47814370260326
328,45.442260676796224
329,28.667894625447442
330,34.982660020672014
331,75.29673723987511
332,25.741259174667984
333,67.00332503226436
334,58.07678640426268
335,65.26412537502814
336,59.467294828527415
337,25.96178635429536
338,33.361272749282485
339,42.986989720643294
340,72.95398650780545
341,78.61235432112917
342,72.88006607773066
343,66.48295907487521
344,30.956752612893414
345,33.02693856570069
346,40.537925882642
347,36.38928890168439
348,40.687792059368505
349,23.358550643742696
350,47.34550166539421
351,31.919590423562763
352,53.73787090399345
353,24.755708086304065
354,21.52533443037172
355,31.44945478912197
356,26.509516397580565
357,27.605489893863332
358,34.41029019265159
359,72.93379309262836
360,33.908916479354474
361,27.70752596353716
362,34.13366693319253
363,67.22516834512393
364,51.72906232317342
365,44.69778725921092
366,49.995896255327274
367,31.105942432486145
368,60.89543084745323
369,54.03925723790306
370,40.11897215015121
371,26.456236352170503
372,34.32053234295526
373,67.74965718046877
374,52.67755215449647
375,36.19880532291245
376,25.907386545212784
377,63.504201319522736
378,50.959775408834616
379,65.34198406257731
380,33.782442089580655
381,30.525585519392404
382,63.430229371816736
383,69.76197468989463
384,41.54526030721914
385,63.86935215939128
386,30.318258258376243
387,35.94731956764289
388,59.16093717333801
389,30.532940358189904
390,71.50870652460753
391,68.39045311790066
392,62.12119937650132
393,40.85174186309736
394,77.69445123314644
395,70.7550923014957
396,35.239805642107726
397,24.263298285223534
398,67.49740803681091
399,32.593833862248545
400,45.45960894125091
401,70.06549165473479
402,29.629873572067307
403,70.18165063359544
404,69.85435731618826
405,50.20462781529847
406,30.5472555588949
407,61.254155958045786
408,42.02747986743984
409,32.23553416458792
410,35.751691004564776
411,36.51960937462543
412,32.99625064943342
413,40.920445627614114
414,62.16375107303522
415,48.51891640330889
416,41.95755604898211
417,39.53850970443301
418,27.57055686815256
419,39.7507773139356
420,25.16484744615543
421,40.67435124869165
422,26.984564345681765
423,56.42082757868659
424,26.292397587058968
425,47.434543204037766
426,30.26620053455821
427,34.244738583887724
428,52.88544875598096
429,32.90863096807517
430,61.68295223626916
431,33.77581113740234
432,70.15176123977932
433,60.31194460000809
434,70.58039004670071
435,55.411201433082866
436,27.684435516533622
437,72.62923244742866
438,41.92209388353531
439,46.52620973914433
440,70.38333718932726
441,32.57933364323255
442,74.88608576431422
443,67.60303243471445
444,68.65072217387161
445,69.97014473668149
446,69.52633051780411
447,51.38515146256918
448,53.56817919646695
449,72.75651615885738
450,63.59492890750134
451,75.60229247978913
452,26.56434137112348
453,59.72140524449414
454,56.695401521229485
455,48.359777477523664
456,43.51824640670364
457,55.47385544930442
458,41.43148871669047
459,59.64682819987928
460,30.585445898535948
461,36.15965683057105
462,28.569448717533742
463,49.22596259773046
464,27.81984102498188
465,54.343189221772846
466,27.535935342863553
467,64.3568377522034
468,41.18715332044368
469,71.13600627095768
470,60.49384409711993
471,68.40359902901123
472,35.03110379623325
473,32.74898023291394
474,29.66646589429352
475,73.54900278023865
476,30.277822270727707
477,72.35479896327297
478,31.6963294087256
479,59.63084685900621
480,60.64283421072594
481,39.679793918104416
482,72.34242826670425
483,39.00303237821764
484,36.04196996553354
485,60.58809317443388
486,67.30724995650793
487,35.9749554328978
488,75.21122118905103
489,26.96729827863032
490,69.13156013038687
491,36.17503961715245
492,67.31028399287875
493,32.36470684364487
494,70.28905164994325
495,34.182618021638746
496,82.26789223072205
497,71.02521528332667
498,38.63856973641944
499,32.003771600156085
500,57.130810907647245
501,46.560227468201745
502,71.27251491263986
503,30.835035100304264
504,43.76608791582116
505,52.75869718347771
506,42.35413515452411
507,72.57403296352493
508,27.890748707544244
509,84.4980385327558
510,36.30990294156999
511,63.71736083835353
512,29.849137171595142
513,80.63129912464984
514,64.07857967768744
515,36.16689570544281
516,45.881324126848625
517,47.37730454191225
518,41.949038980258635
519,47.5138028321518
520,69.4053629640946
521,70.04552461800989
522,72.82828981129524
523,30.13775379627891
524,36.37182783327569
525,70.01512298852138
526,41.27040538909711
527,50.27388639497581
528,24.44109224709795
529,36.117957625178846
530,33.79331686193079
531,30.051972282382305
532,36.37056064206706
533,55.062070264898246
534,56.900211528172065
535,31.481867263542934
536,54.79732999456857
537,75.98470083873974
538,68.05541669609266
539,73.0665770151522
540,72.76469512602732
541,37.62115761570696
542,73.42611324487959
543,43.10725100777605
544,62.24632456407625
545,77.07421551262077
546,71.26322302171758
547,66.34131746631363
548,62.6323005146725
549,55.94499750578855
550,42.07200852599059
551,31.185457744410236
552,54.55473841543882
553,29.991359789421022
554,73.60153768607519
555,46.24525448079083
556,36.828243062066385
557,35.77546728014728
558,73.8439585077857
559,39.62745889954253
560,35.98576027212548
561,67.09005443401351
562,71.35416523860896
563,66.13244252080796
564,30.937671038090254
565,74.71871985065522
566,65.90550658218898
567,44.21301538502502
568,58.99862117899276
569,36.999805863947046
570,76.47042362070663
571,29.86897840883123
572,71.53896243782899
573,51.430014531737086
574,51.510254736574765
575,37.45482652434633
576,41.25790421139691
577,23.53180532135724
578,57.56986509232607
579,30.83886436725603
580,27.29566619181676
581,30.625254107547715
582,75.47599245616243
583,42.84832115661332
584,36.27970272054246
585,30.982148625868728
586,71.09630524707434
587,45.06357548087825
588,49.36915234872738
589,31.988190643889208
590,67.72123186324346
591,41.157366638183035
592,79.77898959124704
593,60.295972782162934
594,62.73984136981986
595,32.1876244075454
596,67.57824639489998
597,44.429926245543356
598,46.974927851819785
599,55.572818245827406
600,32.391310475518004
601,69.55239343155121
602,61.725920080702025
603,69.14501170064447
604,67.85923441915513
605,33.51686294139576
606,36.7222911686175
607,65.79352145582945
608,33.359225541758185
609,29.97652294915771
610,67.54393918455986
611,48.81216350623696
612,37.09815700790341
613,40.16937197377629
614,36.657677389560746
615,40.49880532217399
616,33.86971812458404
617,30.851033686573487
618,55.436175838458844
619,35.76212006757359
620,37.006762892567224
621,55.077860717646914
622,67.09410497441348
623,64.19691012196195
624,35.01039359701777
625,85.50296806120463
626,50.04148411692508
627,71.39421259541646
628,76.97331033674726
629,33.7706593073773
630,37.17509738984931
631,36.160095271667956
632,71.28919381372238
633,36.36342518376162
634,34.554032176008306
635,38.76712267657906
636,33.924388386989875
637,68.37674219150841
638,30.232445210841828
639,77.61761748799746
640,68.29429916436054
641,45.05974074261296
642,35.17784373886522
643,68.11457109174489
644,58.13406659007144
645,30.307717538204816
646,72.43834050387115
647,64.52401765607463
648,54.4316025603181
649,81.77369147959564
650,28.155526857214543
651,30.94578373708357
652,19.708443816746748
653,33.268762827067974
654,30.171927325048966
655,40.707852661601464
656,29.538999246837793
657,72.96752345941795
658,38.51579701393028
659,41.137433331136094
660,41.97546969569471
661,24.07810900132844
662,31.843060637335977
663,34.474912111580224
664,37.89182028915736
665,75.14925859634972
666,23.371077808125754
667,40.01574645340345
668,66.1837302825224
669,35.085631485407944
670,34.84690486948257
671,27.99601934343934
672,21.534223657512992
673,37.567799386307485
674,36.72497183314805
675,71.79793790442265
676,47.898452004604565
677,32.76098803613917
678,38.087545567559346
679,75.8366422723119
680,62.47829103759243
681,46.360121130741206
682,35.49071266431656
683,50.031752529601064
684,33.01889232719279
685,49.34590337582307
686,71.0047253864828
687,32.706783319013
688,74.67334228031923
689,58.223527559505285
690,34.69002952247331
691,62.244763242701566
692,59.308756016781516
693,34.78347547412196
694,30.245442163498492
695,70.54389441336434
696,51.48919669270735
697,72.70440997280777
698,75.36379929886964
699,31.18054080229362
700,53.23996546949136
701,35.96396002234705
702,28.90043318381736
703,33.24499139369314
704,32.333183126490525
705,24.97105174719847
706,42.46703444120171
707,71.66397604295769
708,55.0379138799171
709,45.9845568856762
710,66.39197873787057
711,58.140147767168116
712,32.72849416143382
713,72.25320065622347
714,73.59455279347225
715,16.606125011155367
716,31.389402252674014
717,64.0409398967974
718,36.9897598464878
719,41.53972988308419
720,60.742163879751345
721,66.22540424896295
722,31.940920245490855
723,31.713048804117395
724,64.47659992361768
725,43.208670796102226
726,32.26289078664462
727,59.68494487744229
728,73.91328565085682
729,30.006809466249376
730,33.07578311595455
731,44.71814057899011
732,28.245750759743675
733,41.20274247103061
734,43.50064668782737
735,28.02359623699088
736,65.84768494646184
737,44.84671726473861
738,37.49634570237747
739,29.544517062443656
740,34.78989623612799
741,70.32136474881783
742,48.12327196233923
743,35.688983049536226
744,30.89045091688821
745,48.083396273368415
746,54.87992593737704
747,61.644720261861146
748,34.23720643067849
749,38.97065875480109
750,70.43335344632291
751,42.925059916651
752,87.95450198650425
753,44.55243469578495
754,36.67872234826605
755,41.07197034562721
756,25.829692724224156
757,73.00400763357383
758,68.19207771747097
759,56.553616985212585
760,31.009500749321273
761,40.3504729105975
762,46.60324083776564
763,37.66853326726604
764,71.05710486650618
765,71.76772173600254
766,29.82075868992919
767,91.03529378121885
768,32.57990858838723
769,43.62651891959867
770,33.08247202361716
771,72.99769350227281
772,66.07333793540023
773,26.09290258020655
774,27.328133119823462
775,43.71604851105907
776,35.656626185792945
777,29.44883595658909
778,31.110410125229215
779,34.92111819190589
780,48.29224248570523
781,45.05385732045179
782,75.58033390580383
783,72.98265096118534
784,34.181291936459246
785,26.342880146761548
786,53.02080900885346
787,68.59862129410968
788,69.31106680274246
789,46.60819835207706
790,69.16904232253079
791,31.627016236022495
792,27.212914420943022
793,34.829008065065096
794,73.42938806273038
795,40.30052804612258
796,50.3284764899358
797,35.21463277641527
798,70.86407676731534
799,72.86098075919807
800,65.31460670906831
801,47.3554017328143
802,28.782359735621235
803,50.48027191961394
804,72.9454038836123
805,65.73736447530086
806,63.01203057197185
807,59.38903414453474
808,61.577485229250684
809,47.63534324328947
810,76.4283801413282
811,51.0076204813798
812,30.463595055011947
813,72.92953056998434
814,44.71383200426618
815,76.48990419907275
816,24.80268230875178
817,48.05209999267126
818,73.44376032781508
819,31.796264812679492
820,36.85112984976162
821,49.84441986273422
822,43.20846489653253
823,63.25290287431228
824,74.19103878326409
825,84.33826964686747
826,56.460900441843876
827,36.28986005640199
828,26.789962653555985
829,37.802902323630946
830,37.054653963120145
831,68.22891029592436
832,45.24480304869398
833,47.59649939663761
834,32.10461319173807
835,61.775739822860714
836,31.026106473969115
837,32.287939796950724
838,33.093193590867955
839,55.562335008482336
840,69.22164255265206
841,73.23559831258741
842,60.180999124925386
843,46.36678400395347
844,88.86456467820125
845,36.28680204040451
846,46.03449945975146
847,37.021296165538246
848,71.04403823258646
849,42.56865970252271
850,26.7597181405338
851,58.13201508623855
852,50.189724555778966
853,33.70495575378678
854,32.618151786043626
855,31.788192943569012
856,60.69416493053271
857,27.636891813622636
858,33.23090445062142
859,65.89571220531725
860,31.338894016480975
861,42.34109080243448
862,46.879059898997234
863,28.989579396593182
864,29.181919289598792
865,44.91674745645109
866,79.97856699393346
867,33.25252899255821
868,44.017650570611266
869,64.70474434932241
870,29.801914169761442
871,30.104780888439148
872,60.303810093810185
873,49.469320260066
874,19.292346524494956
875,70.07234753648693
876,27.502486908345965
877,34.240530963918076
878,42.347523349220666
879,24.481629138994403
880,31.903140058662533
881,29.59202276744895
882,79.09656543979357
883,32.98938100078597
884,46.957818212727744
885,29.980838944325267
886,53.947493460836824
887,56.950939087645224
888,75.14188564226212
889,59.26998123433639
890,31.931515730644275
891,29.88625593904626
892,75.67268220744502
893,32.173221291184944
894,39.62733935623568
895,23.66558661072197
896,59.91504003477526
897,47.04902128840713
898,42.805102149316
899,75.76497765138338
900,21.308847555518327
901,70.48973655348568
902,78.34818654391263
903,72.64725443672558
904,54.577364279698976
905,82.3561848716287
906,44.090933694805784
907,73.73958876940232
908,48.81938425591335
909,54.15143011045711
910,48.65332413050026
911,71.34789935355492
912,72.95920585025057
913,68.66826712664458
914,29.108946391286064
915,41.04347449318949
916,60.197829797903154
917,51.44166266027767
918,29.895473462599167
919,36.78116033176863
920,29.43760135384377
921,31.72008612138114
922,49.02423300089335
923,33.7423336853805
924,67.48856254185208
925,79.38498213727716
926,59.521299155230125
927,36.2279743642447
928,38.27824502720155
929,30.541054549329996
930,34.77842837935805
931,32.142202546710394
932,32.14645178486806
933,53.49120802975622
934,28.772482640004696
935,48.293563757146224
936,66.40453470241255
937,21.865635477179534
938,66.07385608608503
939,52.86517213915367
940,63.61173537853495
941,40.62747281518078
942,42.76546299736229
943,64.46271403411143
944,27.799261054870083
945,68.55925587624365
946,35.19781185379887
947,55.460778999464495
948,58.11384364438456
949,46.53811755331016
950,26.860951446102224
951,50.367480245830905
952,53.248691713650075
953,50.55348649332835
954,41.775470856083146
955,90.34200171561821
956,62.502545677919414
957,39.89827442523243
958,49.13951142000323
959,27.586979380101447
960,35.24419056433924
961,48.57720040831646
962,34.63557992913084
963,68.9812753963579
964,51.9496987995841
965,37.17604418957727
966,32.77667267500864
967,69.07890478213466
968,30.14307501505783
969,29.178448434012648
970,64.47150008318962
971,35.33749141874537
972,28.846501210291233
973,38.728975183586904
974,37.650831879151866
975,33.3030954738023
976,59.83779059723794
977,72.3604563760481
978,68.80039205172443
979,27.045996672165156
980,44.61391882254681
981,36.47228110578348
982,67.71782672053361
983,32.12782585830965
984,51.39667676751179
985,41.916233411424045
986,30.38562392108582
987,75.23406001121046
988,29.421507445981558
989,69.00574351727386
990,40.9911793961668
991,50.51290665941526
992,38.540709270583505
993,28.035811592470704
994,69.53394018143425
995,16.66225144850237
996,47.597985464706426
997,29.35770876404366
998,73.8235550319464
999,31.286221528815364
1000,29.55353488741901
1001,64.14239586967705
1002,32.88823647307662
1003,57.59627661429579
1004,57.95637628749958
1005,30.857074383654318
1006,73.23770524893601
1007,35.106267234790735
1008,60.071779506640944
1009,32.6635255877229
1010,74.12300029577604
1011,25.922912353537413
1012,31.995324357017957
1013,74.78510659827717
1014,53.501219229010516
1015,67.73239169217997
1016,40.39220749816239
1017,54.70275439643509
1018,32.38773488509126
1019,77.20293361169186
1020,28.573112372732293
1021,42.24721587923602
1022,43.127307819293165
1023,66.55015869501935
1024,62.53984136570237
1025,25.478340605830503
1026,31.561904456610502
1027,30.527541903852093
1028,22.244971154210955
1029,30.29998104821271
1030,64.62623706381166
1031,33.21899334420945
1032,35.53767969784904
1033,32.28438253832945
1034,26.67206006447626
1035,68.5053858449689
1036,76.41928986827025
1037,67.99333653478128
1038,57.02828650998525
1039,66.59806382255238
1040,53.474724739368824
1041,29.95997698594022
1042,68.72203294033947
1043,73.51610535174788
1044,28.196055431976884
1045,66.87166313158816
1046,25.500365854035575
1047,32.33589531513377
1048,42.7276623580743
1049,33.392604761485984
1050,31.509693069060507
1051,70.82993958078173
1052,39.77019049391198
1053,52.72600752559718
1054,63.17907267914808
1055,34.30487723629968
1056,32.37107678547736
1057,30.630492839343898
1058,57.50141689807866
1059,30.5429910544438
1060,61.239247624619765
1061,53.46449863354699
1062,72.92194111680021
1063,57.06099116452806
1064,38.85949656924575
1065,54.23485340939027
1066,49.57081723807025
1067,53.648940135247464
1068,31.213534625447174
1069,40.37609991162246
1070,37.53235776566501
1071,25.91638312783395
1072,39.74129538281838
1073,31.529586564103266
1074,61.519045484037875
1075,38.48007854594084
1076,76.83883529454012
1077,39.817920213175924
1078,60.31844556281409
1079,49.806838705525365
1080,34.03291390024634
1081,30.32512957316275
1082,32.296355578342016
1083,74.25027707756557
1084,57.78865544326736
1085,29.74870369335832
1086,32.79151311840941
1087,62.52328733001721
1088,33.00266181114863
1089,40.456670414200374
1090,33.460305132043985
1091,76.39740688679736
1092,67.96158151836124
1093,29.12566843609468
1094,34.0126733610861
1095,74.55531105231077
1096,35.79570373272385
1097,75.47885015158415
1098,74.65164513457914
1099,73.67086952626998
1100,31.0828075960334
1101,29.9807993098655
1102,61.039205740631616
1103,30.84506399884506
1104,64.9829698530904
1105,39.60648628515324
1106,66.02325464755715
1107,57.987845035226506
1108,26.135480365958895
1109,53.59360758784615
1110,52.263245299562215
1111,55.36456334044881
1112,51.36991962108844
1113,35.308251004310705
1114,67.07062741645419
1115,65.33380732749575
1116,50.35919300123591
1117,36.2983737778593
1118,58.288099536878164
1119,38.28845171466047
1120,36.4654883260919
1121,32.22195263573336
1122,31.440399736797882
1123,36.56315423632593
1124,66.57851433402169
1125,26.97643904520117
1126,57.37370724724876
1127,49.18985155337972
1128,39.64890538177262
1129,40.46930086461501
1130,63.393996629542116
1131,75.9932387333007
1132,36.59909618266114
1133,35.975538411066
1134,67.23279730177971
1135,52.50808150875669
1136,45.97368025156137
1137,52.07946059282412
1138,49.14832373313163
1139,39.11586202166039
1140,51.016849080407944
1141,42.83073979375917
1142,68.17664533275156
1143,26.518220966501968
1144,64.29679450614647
1145,72.92764948232954
1146,32.09963948751066
1147,48.393276330229384
1148,34.296985969692074
1149,69.5828029155049
1150,31.527941815108502
1151,32.29741126685133
1152,30.47413366182784
1153,57.83871267269191
1154,31.854096351157974
1155,33.01969776287744
1156,26.59017751169463
1157,70.31075865804523
1158,67.7602920394844
1159,66.40308950930415
1160,28.714750946196215
1161,61.208661814251954
1162,72.82941661511317
1163,28.543387640478752
1164,74.38388687538111
1165,63.339714029797236
1166,74.15647999334284
1167,68.01654301630299
1168,32.31434205807909
1169,48.019443062472476
1170,26.612366736687687
1171,68.01299193242777
1172,29.860675196908193
1173,60.09867887244066
1174,61.92882005212152
1175,46.00984828294149
1176,53.443548253405545
1177,65.95726078412908
1178,38.70253972698215
1179,31.449787001515414
1180,33.06370604640562
1181,66.7341038264217
1182,53.391827573436345
1183,31.401894761227712
1184,38.69835754330372
1185,41.026900909496604
1186,66.26086554576747
1187,50.222348258978286
1188,20.10179495391438
1189,29.76148452031543
1190,29.487341633482398
1191,60.727056884215685
1192,46.07985818898843
1193,36.79957187942243
1194,43.93280174209312
1195,40.076601622930305
1196,31.741682379552767
1197,73.80168600502573
1198,31.75472149605825
1199,53.93575427977555
1200,69.14706250955905
1201,35.04079234718796
1202,72.43507866484673
1203,55.9368348400003
1204,67.62951460416043
1205,31.38264301456807
1206,34.33131707474273
1207,71.54521475060146
1208,47.16782953116431
1209,63.81308655813261
1210,49.03300157612557
1211,43.82868005298528
1212,83.87304674743874
1213,47.86555334415794
1214,70.96626315508432
1215,62.74119313608496
1216,29.75831327429574
1217,50.96808496171933
1218,28.542452592882096
1219,61.944035442653785
1220,37.48109285644839
1221,45.86497429608457
1222,40.160767085890726
1223,37.41219588399484
1224,29.800524380112062
1225,53.128359610862404
1226,70.70580347330777
1227,55.59029090925915
1228,37.71574578664995
1229,71.23904920733828
1230,38.80988777007137
1231,30.68042757609012
1232,45.029453039590464
1233,55.44215533766912
1234,67.28585934890211
1235,43.346900251818354
1236,75.10952563189923
1237,56.4734317659549
1238,48.25934282243085
1239,33.054065107719694
1240,30.090314405816667
1241,69.14238073945398
1242,37.75140124719374
1243,34.81389808383352
1244,54.24753346989587
1245,47.622392952670424
1246,72.20918989656168
1247,50.15256956138422
1248,77.72866997498924
1249,30.336471709138987
1250,44.66633790382923
1251,27.21800611013205
1252,31.2703996535603
1253,29.492766548655975
1254,76.21726583685943
1255,53.65952822260314
1256,42.87557629497978
1257,70.17869302725111
1258,66.42516096427538
1259,70.58234759988648
1260,59.189646277860206
1261,31.592110997001537
1262,29.29951050299254
1263,78.18146434198704
1264,31.78444018056805
1265,58.72554015779929
1266,31.662557095762935
1267,69.30940758888644
1268,30.398465797278025
1269,66.48608379526162
1270,38.160105122460095
1271,36.52448154956937
1272,39.663455510318315
1273,42.7671422540474
1274,66.6399741571298
1275,66.1567983190135
1276,60.05646155369577
1277,34.480240953312176
1278,38.32682349728518
1279,32.99070603844295
1280,66.32989108792152
1281,58.185906881835095
1282,48.88823424186087
1283,30.754390918899524
1284,71.19019140868154
1285,79.93454978906897
1286,39.825503821248084
1287,43.95804893898553
1288,51.77304376180581
1289,60.36807660425667
1290,33.58527736706313
1291,74.3397782625923
1292,52.99916129738027
1293,30.824632814120424
1294,44.55348159219004
1295,68.615197710477
1296,33.035692543442565
1297,32.8829062087422
1298,32.65399519205368
1299,47.373069928806075
1300,40.227425964118375
1301,79.91305913460918
1302,66.60895006587333
1303,66.35674072736789
1304,67.65522559535682
1305,45.27770399607168
1306,66.15309406801737
1307,29.407222568802684
1308,53.18835291454485
1309,32.96155959648357
1310,48.286701018748644
1311,59.07949263362624
1312,69.37707647208597
1313,34.26833884429692
1314,31.968518861365492
1315,31.093040032334724
1316,30.136440505177998
1317,56.163006201805985
1318,30.144079484837786
1319,36.46859917014912
1320,54.885101389783514
1321,31.065968863978632
1322,71.16468044839006
1323,69.83777706885184
1324,45.141107065574104
1325,68.06411378699033
1326,31.292992001951742
1327,29.820491787964304
1328,72.92991763914799
1329,39.62395628348703
1330,64.58163171861437
1331,47.07226796826811
1332,27.79966595648712
1333,32.584885934045786
1334,71.28674135258048
1335,69.67853680913612
1336,73.42578576778436
1337,30.436381729313016
1338,45.567674662074
1339,54.86550439404475
1340,29.894206877613666
1341,29.81538345339214
1342,30.310629881484314
1343,34.054549095075714
1344,34.40177971538441
1345,28.529868930296285
1346,49.23665767371695
1347,28.606551138509158
1348,69.877884502082
1349,61.66262884565043
1350,32.525320059912815
1351,59.95182821037649
1352,28.81019323602818
1353,76.30133890758748
1354,68.64334490296447
1355,30.38560515924147
1356,71.2777049429103
1357,30.943771941914587
1358,30.235982154043395
1359,34.32059869707433
1360,52.302696661462804
1361,67.1174186680727
1362,37.499840281964126
1363,31.509870932830022
1364,26.96868041593218
1365,40.52928161411955
1366,33.528695009433314
1367,32.002348107877594
1368,64.17776296761959
1369,37.36666260670246
1370,31.26840825284403
1371,31.75934378673379
1372,24.440800612462258
1373,69.0533797652638
1374,26.023574101577093
1375,29.66647059497218
1376,73.19493864994037
1377,32.29027068450635
1378,61.585221164898556
1379,30.522730566806697
1380,34.68448083875241
1381,35.464907004161326
1382,33.25153454806859
1383,32.65286682286879
1384,65.30203771311649
1385,76.55712908287472
1386,74.93003103460819
1387,41.18132406616036
1388,30.381552133057138
1389,32.698273117545426
1390,73.0754006031077
1391,34.25068521481235
1392,71.28230373520752
1393,66.00814524791362
1394,38.078550336532956
1395,57.93762103164424
1396,32.63691771197489
1397,37.19147799733106
1398,61.931334247838365
1399,40.71910599572112
1400,31.020868321100142
1401,45.91679117923027
1402,28.489789160530457
1403,29.764365260511408
1404,68.28347727909548
1405,80.42486539802022
1406,34.41992271718035
1407,33.16124591296689
1408,59.7832666382715
1409,57.44194757011131
1410,32.76223647301907
1411,36.690691293066315
1412,74.67956033104655
1413,49.54136154713015
1414,60.869760351152195
1415,70.86679061553265
1416,73.20425650440932
1417,24.874626897269845
1418,67.09836917776758
1419,76.55125479806377
1420,61.69565034151246
1421,69.95604312873257
1422,75.56040644592944
1423,52.629812268998435
1424,36.21496844661508
1425,32.47781003831781
1426,45.22940173055696
1427,62.666154099775795
1428,69.07646828589755
1429,35.99082600363781
1430,78.33831432355991
1431,21.769520230149165
1432,22.911961544846687
1433,74.98175404482058
1434,61.67904164882897
1435,49.98747826936895
1436,28.803663558071573
1437,34.600352437228054
1438,83.67140522852594
1439,60.88635346965829
1440,64.0268641953984
1441,31.60871437135955
1442,42.331481064984274
1443,29.371896374951557
1444,39.98948027888393
1445,31.063596070610355
1446,38.60318701309315
1447,74.12688974175906
1448,63.475309836606556
1449,47.361328883247666
1450,50.99142950706519
1451,41.114311187397035
1452,32.86383577378698
1453,64.30082634265938
1454,43.5684245784573
1455,74.98368127915273
1456,68.7917113773918
1457,71.09158421706572
1458,44.238972389665406
1459,64.25881258975241
1460,31.53245775975806
1461,68.30580585447838
1462,67.39542344769411
1463,39.079305172741115
1464,51.31332015637281
1465,39.09618962904211
1466,45.166234110455875
1467,44.8422018857855
1468,43.21936378422443
1469,33.56700825896722
1470,38.6337052345841
1471,33.433468764075
1472,30.816417458962928
1473,76.4794811074363
1474,45.20627797350778
1475,48.7883069642354
1476,37.17257321377473
1477,55.748687497175766
1478,64.30720369420013
1479,42.34001122161557
1480,44.21122512362568
1481,44.426379566177616
1482,29.851964636684645
1483,46.92524929109054
1484,33.47937029715831
1485,43.69318359791336
1486,59.444106713851454
1487,27.794094878209787
1488,28.763468866585978
1489,31.41138285969033
1490,33.30799280485451
1491,43.535046656853396
1492,53.54521484616923
1493,74.98041115242205
1494,45.036635224421985
1495,66.30210356798675
1496,63.92020307846937
1497,29.052418246215318
1498,61.71828855476754
1499,60.73369961788735
1500,72.13574798697047
1501,37.64416443082959
1502,63.84848139124782
1503,56.61057448026908
1504,70.31208931360804
1505,28.577953177635546
1506,70.72434958657517
1507,34.79451531297477
1508,42.681763022950044
1509,37.96441112260419
1510,52.75655082607513
1511,72.1585379835124
1512,51.63935817167034
1513,34.91031554671653
1514,34.52298389460323
1515,66.14525938610642
1516,68.16369281924584
1517,33.44613414239562
1518,72.8465142856444
1519,32.32382519466883
1520,36.43679314635146
1521,48.033689527510816
1522,47.0718984237028
1523,38.6792014661811
1524,33.11531227621438
1525,30.248477387882996
1526,46.722368656739405
1527,35.562138305787514
1528,33.195089865373276
1529,26.258150427307534
1530,68.68394771582906
1531,64.03411160418851
1532,68.44396177265844
1533,53.27539862608415
1534,60.20983409548958
1535,41.593174307185606
1536,55.90021324081198
1537,55.79867281825955
1538,31.828123949427816
1539,46.922952049695354
1540,67.70761746323176
1541,45.22795505555536
1542,86.51455321907792
1543,74.86422130864788
1544,55.69533136405115
1545,44.64182083438823
1546,46.6338449774489
1547,62.019769504466026
1548,71.33259978390997
1549,37.07596228843998
1550,27.38531185220316
1551,28.80985522828011
1552,54.881814080616934
1553,62.62815698040198
1554,68.3040025872798
1555,38.84620662936308
1556,35.74943718055384
1557,35.234888972099526
1558,74.21746220737596
1559,57.66928609444351
1560,65.45359053972328
1561,40.713974035367826
1562,69.6836966966361
1563,45.30813301069385
1564,68.92004877018502
1565,36.4143766397481
1566,32.767148227373
1567,67.84695988536856
1568,38.26354758537302
1569,32.499916876536645
1570,28.238274092107115
1571,30.94761168704371
1572,52.92266164121905
1573,29.653653176706637
1574,73.81181766201075
1575,70.45580048425612
1576,64.97587336311744
1577,30.993172048861638
1578,71.72565920049551
1579,48.8836770790235
1580,67.74580799143553
1581,30.657890151496883
1582,51.419699500562146
1583,44.094817380235654
1584,48.02468648882491
1585,75.00648601367777
1586,29.71478473644647
1587,30.841114000548853
1588,30.67559142332686
1589,37.95750145310511
1590,69.0274011542363
1591,45.98922040582777
1592,30.624255664123236
1593,70.42023168524828
1594,71.94446165278211
1595,45.38928044991543
1596,34.31504358938297
1597,64.3154052341485
1598,52.5096431631907
1599,30.671736472019415
1600,34.5124193558685
1601,71.07086595156873
1602,28.394667811329708
1603,51.73875243171038
1604,47.292628662545525
1605,37.671933756280296
1606,57.818571662364356
1607,78.26059487510433
1608,43.26116516823315
1609,44.369727668541145
1610,68.04155907578695
1611,41.34048554806344
1612,50.23668103775752
1613,30.575044492745587
1614,45.27539197619642
1615,73.27348460717322
1616,42.75395561103933
1617,55.119944329473064
1618,53.1031683835724
1619,34.20100645446976
1620,28.088663380586933
1621,41.42656933149783
1622,60.678294672218655
1623,69.25762700788877
1624,77.32388495897409
1625,67.79427753802364
1626,40.83486036991883
1627,49.18324411618755
1628,26.814295711670038
1629,27.147010114632142
1630,46.491268420344035
1631,66.84968262614336
1632,68.42844842006303
1633,34.31081792467943
1634,42.84133209790232
1635,35.33864275293939
1636,41.48391033983859
1637,38.12947255000134
1638,46.29103367956021
1639,31.105282684878414
1640,44.43853226655092
1641,39.985697113086715
1642,47.94451489198947
1643,64.87642095200657
1644,38.75587997544835
1645,58.48990296339353
1646,64.32356175819424
1647,77.86153935841982
1648,20.672072317320623
1649,60.50230246399839
1650,34.041459695352216
1651,48.14020200747139
1652,45.47709714175855
1653,68.82392714408378
1654,38.003348077548864
1655,49.835000647534855
1656,46.3114285080904
1657,62.65788808264202
1658,72.74950557826612
1659,52.039596812482
1660,53.503734044767114
1661,29.055063386886754
1662,70.81482751792494
1663,28.01088698756646
1664,76.24865272231783
1665,28.00988841269236
1666,46.70199971232366
1667,50.216798335049546
1668,64.14611079497584
1669,33.046011878018405
1670,46.61428089604867
1671,52.33663342696849
1672,68.20583715367637
1673,37.1340061455484
1674,43.80740358767612
1675,84.44877648109963
1676,69.48246243345845
1677,65.9282139841584
1678,50.989067790414595
1679,40.12760320102907
1680,34.917013445325736
1681,57.572505274241976
1682,55.441017624814705
1683,69.91416212273887
1684,61.07154750177611
1685,38.111533236377745
1686,48.216458463711646
1687,23.93765967968326
1688,70.38445177673366
1689,61.41974608490487
1690,52.09042107522627
1691,70.03693260628962
1692,39.36009249518844
1693,43.94738800969425
1694,69.35435458601194
1695,33.5376737745748
1696,49.69724715429325
1697,37.33998246784331
1698,77.59276021416498
1699,69.1939918109241
1700,29.52998873574769
1701,55.38486243091221
1702,29.392557189853232
1703,27.960351916291785
1704,32.06263681692194
1705,38.08815242933927
1706,67.13858378657098
1707,58.724088667436774
1708,28.800566816359446
1709,62.56336201758667
1710,56.30021183172357
1711,68.74000057762954
1712,38.60718077335024
1713,32.57408589462325
1714,51.95961800446911
1715,34.23707320029
1716,51.65440542931441
1717,37.50205513924202
1718,50.45904421384867
1719,34.74420225582976
1720,44.69186998832542
1721,24.426829199662773
1722,33.9041574247461
1723,53.92015990840734
1724,40.39232953085951
1725,72.65200075477826
1726,69.38443033298974
1727,40.28500428997441
1728,51.15545104879179
1729,72.43008092754617
1730,46.85230740018356
1731,31.663291847829665
1732,41.37617994144287
1733,71.8806519962417
1734,40.74530079497637
1735,45.75758020601539
1736,29.03693599033775
1737,56.39366632525432
1738,30.25160095365494
1739,45.31816999744365
1740,32.09006365323141
1741,28.98240748892137
1742,33.86185130296043
1743,30.881584319331377
1744,81.43551917892833
1745,61.15030770868019
1746,47.09600355058885
1747,72.66493782276088
1748,75.21690725633654
1749,22.97798570450227
1750,42.324702876752355
1751,41.50254025033241
1752,31.968384728564278
1753,54.391816681709514
1754,79.4133758727377
1755,79.91844781488135
1756,54.94327392665771
1757,29.876536469000495
1758,30.032621139993648
1759,78.84527147395633
1760,31.626387977817156
1761,26.96449218408986
1762,61.290716836881316
1763,69.10676313328237
1764,46.75248367545594
1765,33.44200062992198
1766,71.61539662882753
1767,30.42466127354641
1768,69.28859198089667
1769,66.76876952335576
1770,66.2020331710804
1771,35.18236817053406
1772,71.64943799010611
1773,31.067287076509604
1774,29.990882069215726
1775,33.99215752419201
1776,31.703334044101005
1777,28.241908161040318
1778,39.796585812925215
1779,52.32619526571114
1780,33.087754523720335
1781,32.908784564527245
1782,70.24210419734037
1783,30.735715007332825
1784,70.1743722715334
1785,63.46467286463124
1786,34.0230995379353
1787,57.99186190941353
1788,69.31726294457705
1789,32.5829455304996
1790,46.35874894823278
1791,55.70393112977655
1792,37.53395732206559
1793,33.74915244915342
1794,66.68065134798267
1795,65.77181949405444
1796,72.36697617440629
1797,35.0476470966352
1798,68.87914482990743
1799,33.84119901373849
1800,30.328387818749643
1801,48.85775546501755
1802,56.936292993022846
1803,35.10715140081574
1804,33.63395422753073
1805,67.26316040974432
1806,28.10757733630437
1807,38.06923473128859
1808,54.180300280056656
1809,81.46860807240418
1810,46.38502784691128
1811,27.4224971259389
1812,48.230795964197384
1813,45.53288818166129
1814,38.80903974060355
1815,27.15895867606441
1816,54.153870042977104
1817,37.237760980838985
1818,32.327361390758426
1819,28.45867456291904
1820,65.60174166041884
1821,62.303731582969576
1822,75.85970814177053
1823,41.687516228202284
1824,42.58359076459133
1825,28.511875942615983
1826,29.95461697611479
1827,30.102774678846682
1828,44.05603760489386
1829,72.56936277802959
1830,29.551617928197185
1831,25.762776885285607
1832,43.36711276570156
1833,38.44627769808959
1834,69.5025839366338
1835,35.445506244122015
1836,34.671835968273044
1837,76.30752310696715
1838,62.563331468494994
1839,39.73159108613278
1840,30.72910115984143
1841,30.249252851132614
1842,38.282127161412774
1843,35.79316288952742
1844,52.26019372363041
1845,63.15414800992116
1846,31.254077333002083
1847,54.750527308952904
1848,58.15541700679023
1849,53.34413396121096
1850,35.87052829204611
1851,67.51329808802542
1852,72.91947495726744
1853,31.989300135614496
1854,58.35225472943635
1855,35.04772206932985
1856,65.73731278313323
1857,33.02122491507848
1858,33.48720744648064
1859,48.88155536007531
1860,30.19217299488596
1861,66.9528806807651
1862,41.80373542982421
1863,61.71652719882526
1864,53.73919776459652
1865,67.28242199582645
1866,65.88322019428202
1867,67.82683103431762
1868,69.18616835417419
1869,33.459013061320825
1870,61.95206500575938
1871,24.755203495955566
1872,39.10563902824873
1873,77.56095044775655
1874,33.47655276933982
1875,34.472529069111786
1876,50.506269473877495
1877,30.153470014815984
1878,34.35112947895601
1879,45.75929813360477
1880,69.21933957965645
1881,44.08778096366183
1882,28.896162610382586
1883,37.60986509119823
1884,64.01949998833707
1885,42.693759268345275
1886,55.006264890111154
1887,30.219908456807783
1888,33.59826252829593
1889,33.0740156778768
1890,63.018573680276205
1891,62.92368739215419
1892,73.25387201366424
1893,36.949107022565386
1894,56.96578756281353
1895,31.620615967439317
1896,68.70319027241526
1897,37.74044981008399
1898,32.262267885169095
1899,33.108972951688486
1900,30.148417448638725
1901,37.294158145735835
1902,38.08789304747384
1903,72.62110843766932
1904,19.815861650884155
1905,38.96235727356802
1906,44.247309413876685
1907,65.97776259166257
1908,49.022340880112125
1909,27.076211700482375
1910,66.58077600085541
1911,54.05109641219376
1912,43.48292736108796
1913,63.56153752709481
1914,35.50601179320313
1915,73.67469331285767
1916,57.4527446397957
1917,55.411852608503295
1918,32.999468383837296
1919,29.429774692053364
1920,67.16018027913486
1921,76.34042744866558
1922,61.69082066185979
1923,28.699305475320184
1924,37.54023456033263
1925,56.682244163150514
1926,74.90919638735924
1927,28.241227482300754
1928,51.69547400747936
1929,35.37449138016687
1930,45.90044097468923
1931,42.1798798742821
1932,40.16567051346969
1933,29.556890732990038
1934,30.71184071725278
1935,33.01932116998434
1936,78.2239669082236
1937,27.951608191255474
1938,53.140910254341094
1939,57.46384415213507
1940,72.71380434304845
1941,71.35124101026618
1942,38.28481453189148
1943,28.541405374427026
1944,36.679905903307116
1945,31.065047236043366
1946,36.458599274175896
1947,52.4572581994346
1948,47.82122457169713
1949,68.9169877328218
1950,30.784065713465335
1951,31.399359271480176
1952,27.33108459324367
1953,38.83821018863473
1954,71.46649914289686
1955,37.32181729785219
1956,36.463661789842575
1957,84.89050000755799
1958,32.52523788918867
1959,41.03172544890633
1960,30.29569467009537
1961,38.37305349295184
1962,63.53107928051608
1963,67.466354435896
1964,32.70366783232288
1965,71.20522677008276
1966,28.73700555612511
1967,49.782181297384994
1968,34.878034375352215
1969,26.957329527633288
1970,37.570059756486785
1971,53.792216157196066
1972,63.21295775456434
1973,42.354928717310884
1974,57.58501860323247
1975,64.54506820489337
1976,34.84180937046945
1977,30.805379122559724
1978,54.82629849591956
1979,71.47526352649655
1980,49.98957430248821
1981,22.227765902272264
1982,70.13201643387039
1983,29.462953407014307
1984,31.31189074927485
1985,32.27892615536517
1986,47.06345037860077
1987,29.302942653439484
1988,31.748356270966237
1989,52.2472814349942
1990,41.159678190941136
1991,34.59735324666234
1992,31.74046242189996
1993,54.522854899250504
1994,49.72625088136601
1995,41.33458551906787
1996,74.26119124409021
1997,73.26878876139983
1998,31.256308232192634
1999,46.92962074039411
2000,52.99399850458967
2001,34.18494759914762
2002,68.60891917302445
2003,61.294458414157006
2004,39.9610493048517
2005,44.65883121557108
2006,73.56206703535
2007,41.503649224600494
2008,38.69037081585669
2009,49.72249416504617
2010,29.507747504089746
2011,38.59996164639926
2012,38.90551570225095
2013,69.43980762567018
2014,59.528749620345835
2015,67.71874973387648
2016,68.51435844397707
2017,32.822315802996954
2018,63.7480750419801
2019,41.46713685542608
2020,34.82181599216604
2021,71.9396564228041
2022,68.80210946967438
2023,53.006274375610644
2024,71.19932991723661
2025,77.96357386585703
2026,39.38639503804305
2027,29.50945261175953
2028,30.84199564707333
2029,25.789326392480756
2030,36.36396574749376
2031,43.352156822987425
2032,69.99310315749847
2033,46.14208032578123
2034,60.9475251504837
2035,35.898778624970056
2036,29.75746834381044
2037,63.29304662752225
2038,52.266275407106534
2039,69.6146141274748
2040,63.96744367725241
2041,37.81188007211119
2042,67.41960649195538
2043,71.57138153826266
2044,30.383916281989553
2045,37.5582601989248
2046,88.78081243827131
2047,37.319073346345206
2048,42.43921752059434
2049,66.92193489567768
2050,44.28467537456473
2051,47.35780286354414
2052,36.43108432098843
2053,39.66750756831347
2054,71.45201770516046
2055,47.12411119338245
2056,65.83335866436018
2057,44.090498093098304
2058,27.007626952583603
2059,47.70339831846354
2060,65.2704668653632
2061,56.90540597836958
2062,68.65196076184513
2063,74.37953018558856
2064,68.60454941264722
2065,75.29360771037506
2066,67.62644248108543
2067,70.20964876379233
2068,27.9677491290561
2069,30.045896484175
2070,71.16895217259618
2071,49.19370243417045
2072,63.11164803300298
2073,33.52970690179558
2074,72.08016646981113
2075,52.20447014689847
2076,33.49457410283003
2077,33.495130885622274
2078,82.7465788067438
2079,31.22247977435647
2080,67.67156485791976
2081,39.0530700724713
2082,34.39286548343071
2083,30.78020868509618
2084,63.970651481664106
2085,42.66819505727818
2086,62.451088058582414
2087,27.533285153709127
2088,58.157177314153714
2089,49.896565648924756
2090,67.27248620887589
2091,31.808728268038525
2092,41.90300843126495
2093,31.17798090863219
2094,33.53782717927487
2095,32.67530262264319
2096,77.11044927168182
2097,28.46696530336001
2098,29.50506919858467
2099,31.89778594657552
2100,34.50885682430045
2101,50.211849208502
2102,30.468716164964885
2103,35.6302483407611
2104,59.87654663046001
2105,37.88839397252238
2106,65.15778426302735
2107,39.5313374816917
2108,43.33901682181505
2109,63.62179621369745
2110,37.7556932777628
2111,27.292134800207453
2112,32.03809869933386
2113,74.44987158239637
2114,51.91649904200312
2115,29.481912081199187
2116,47.29614766331965
2117,51.079694257085876
2118,67.80685488776241
2119,35.31123449458953
2120,46.11403961822873
2121,31.816660047621053
2122,34.13234492148
2123,35.09429318086424
2124,59.20447268898679
2125,40.678059108446384
2126,33.379717132584986
2127,69.32744020916716
2128,35.544936797922006
2129,68.31540607050884
2130,58.280602604773335
2131,48.13136569092775
2132,31.84578250787072
2133,68.35990067810185
2134,30.527868136695048
2135,36.52210473829232
2136,45.77132545029415
2137,59.02153682339228
2138,59.17344943528778
2139,77.22851216611413
2140,32.58272201983486
2141,31.84116210278955
2142,30.010563819086652
2143,46.84010632072231
2144,64.12441530426257
2145,32.86318605170774
2146,73.41977224112998
2147,32.3268530995488
2148,65.5085105355671
2149,68.55414573392899
2150,52.54738751995293
2151,46.23103744907972
2152,57.85069492707268
2153,71.95067948732348
2154,79.08063466967212
2155,55.95837587780059
2156,51.62206230464281
2157,49.00144564890555
2158,73.6645327106453
2159,69.80692152372332
2160,31.88114877392027
2161,31.73071373059207
2162,35.096507107268934
2163,72.42844433407757
2164,33.585562519408576
2165,47.58458670971679
2166,33.86985592957683
2167,35.45238588544032
2168,52.83758804143371
2169,34.42842702094903
2170,27.79611787562664
2171,73.34122828422346
2172,51.22986562304146
2173,30.362283010080187
2174,43.45042395951694
2175,41.14215095170515
2176,66.08408552047366
2177,49.10030877967617
2178,69.10818381861614
2179,33.69317889764984
2180,32.16158072192316
2181,48.59551304907093
2182,39.76956710122188
2183,36.59687669840821
2184,70.56171114011819
2185,36.79414313769851
2186,32.28169063038388
2187,62.97658613793064
2188,33.67026053778723
2189,31.011852417619718
2190,68.46792130102615
2191,56.9595779167411
2192,30.468015294640843
2193,68.14817219135081
2194,52.10316821924241
2195,50.42361944908647
2196,48.131530594448805
2197,38.64105382947423
2198,28.8120982449185
2199,70.77338390071415
2200,33.40997315571782
2201,29.91916706700969
2202,70.53922041169668
2203,78.09862874589835
2204,27.203496929372932
2205,44.49420455620015
2206,33.22069283383682
2207,25.472042805259033
2208,74.87174889812444
2209,31.24865681694439
2210,69.65032192938311
2211,71.48946997086658
2212,39.51192060273444
2213,29.156745338094208
2214,42.938216484779495
2215,38.97618877427158
2216,32.91556375158146
2217,50.30748481747739
2218,72.26923796578006
2219,31.821509043475423
2220,77.22684409080846
2221,31.819279192224027
2222,28.83271908662216
2223,23.19309795862591
2224,68.08601019468657
2225,33.811884159975705
2226,27.379037174123393
2227,44.25791279257359
2228,33.68738492668166
2229,17.240578406026152
2230,66.89517314897557
2231,66.76890499612541
2232,72.55983315142122
2233,31.391726278739366
2234,54.04812885527858
2235,42.3973246721781
2236,54.0533648238272
2237,52.390602942940895
2238,33.77151441339103
2239,38.71717262310756
2240,48.47519549117477
2241,70.06550061118288
2242,27.55787186456662
2243,53.47526910855174
2244,68.47868761575761
2245,69.45465602087133
2246,61.410535633365846
2247,40.91178954852023
2248,26.543433410001267
2249,68.62197113528858
2250,30.149242620621646
2251,31.502995564543934
2252,35.28618775268194
2253,29.216810206682094
2254,62.74925509615706
2255,76.82538583098783
2256,29.16160870486696
2257,34.521684123678924
2258,36.50059954434192
2259,56.37569725143766
2260,50.0470540331076
2261,55.571406385846274
2262,68.33219552538807
2263,54.296324327316825
2264,36.249953865855005
2265,67.38063750906674
2266,63.63976876886936
2267,28.330463908368795
2268,31.25638412873057
2269,32.55317764873405
2270,37.814357364998926
2271,70.64481711902226
2272,41.4131366040843
2273,27.583043465172832
2274,33.68937255118248
2275,37.94378395819937
2276,50.71296905747448
2277,34.76188262292142
2278,35.86464164791673
2279,61.34444590047136
2280,67.0197420514867
2281,44.10473212631413
2282,71.92323559491773
2283,30.860749291783574
2284,35.34775864922129
2285,42.5963181019206
2286,48.97427266022472
2287,27.682533384288273
2288,79.79916861740706
2289,65.18928014360016
2290,22.17400133889853
2291,72.81130125225783
2292,37.446084560435295
2293,38.36731788247313
2294,64.73766124409022
2295,40.208737980730305
2296,31.7853251967348
2297,31.795227402636495
2298,32.80255882937564
2299,34.60930330131282
2300,64.99431966352815
2301,68.13066224070944
2302,66.18018990686163
2303,44.20005169412114
2304,37.415165662661096
2305,46.60092196613708
2306,33.05114841213101
2307,23.7840923287477
2308,30.21029829054289
2309,30.987998382261633
2310,35.735752975099544
2311,63.767726890448486
2312,60.98833179163755
2313,33.64933720691565
2314,43.20230141599194
2315,66.94001750488184
2316,43.90498435280816
2317,35.50551655540738
2318,65.32612341414907
2319,63.700722409153414
2320,45.84169938125311
2321,32.69333096795505
2322,39.89125331758231
2323,59.480442483367426
2324,58.542500197793444
2325,50.45692623678192
2326,29.92839595024756
2327,28.04843791831909
2328,74.0341909355861
2329,68.26934191317217
2330,62.79562592771475
2331,32.66318371364767
2332,41.61622038210662
2333,75.4950051021171
2334,38.39908556111361
2335,31.229404879211618
2336,42.26193097391197
2337,27.036345516557272
2338,23.471302608101507
2339,68.11508248896747
2340,31.862005312377985
2341,31.375550601960047
2342,65.54878006561336
2343,61.763691658028506
2344,62.676532032200136
2345,50.41154647625992
2346,52.582244563412544
2347,29.137969334584266
2348,33.19470348405811
2349,65.17129023218038
2350,27.854594765216508
2351,73.05213768081506
2352,36.39128354510048
2353,32.40274641407683
2354,34.92888168190133
2355,69.64493622739802
2356,50.00102149698239
2357,41.81467884465235
2358,67.41536378230079
2359,28.080235590374617
2360,31.048807745276758
2361,30.766826540121837
2362,61.61805762864591
2363,29.357390089599487
2364,28.606914061387215
2365,28.221247830157342
2366,61.21572904640627
2367,56.19515833094722
2368,72.97923137776007
2369,34.67421258422175
2370,69.25217359819133
2371,37.915362854140454
2372,29.70720136248924
2373,77.82983805471368
2374,67.16371521511624
2375,47.89626493155839
2376,27.248911587032087
2377,25.7054825736619
2378,50.12016884884072
2379,73.63731036256547
2380,66.83736911995426
2381,21.545678566887002
2382,36.243228522516645
2383,33.926441002830614
2384,39.43668563334565
2385,65.23681797424962
2386,70.24084834893118
2387,31.46211151940784
2388,37.566931799492394
2389,45.30281565803766
2390,39.03025498696375
2391,61.42100359315917
2392,69.20948233411211
2393,38.72420977489458
2394,65.89512204618534
2395,54.256101981942635
2396,42.443356151805254
2397,31.882652219139338
2398,30.69029472177318
2399,49.56508063883305
2400,27.39638452996592
2401,36.20433051126338
2402,68.13442689601894
2403,61.47161102650358
2404,49.508184772951125
2405,66.22917284389487
2406,33.36426555822051
2407,65.65878899805222
2408,64.28203853968115
2409,41.0835915585432
2410,69.98844473003054
2411,50.27538505796127
2412,31.274256451600703
2413,27.797776974136465
2414,35.92163970581527
2415,33.52902349511196
2416,40.12660880025989
2417,29.497172700938233
2418,71.90274486611186
2419,51.74687438512029
2420,47.63255506830224
2421,69.70918062737996
2422,32.38436341941621
2423,65.57106924184224
2424,75.36163324272864
2425,73.05208558592999
2426,48.316831093933814
2427,38.163821583878416
2428,64.23351599441979
2429,41.15935720293
2430,50.69717164259451
2431,90.68118970480961
2432,95.4318857472777
2433,33.706989344683265
2434,39.47747732547073
2435,46.30658238156391
2436,60.608836714685914
2437,27.126676732675403
2438,71.02995182266389
2439,55.328598199588356
2440,27.265267018033157
2441,59.75135183050338
2442,34.55916372034315
2443,35.394038091260676
2444,40.22061773315656
2445,31.6058558861745
2446,72.28793775163412
2447,70.5881679038014
2448,36.132307393333946
2449,57.42491548640665
2450,27.356552477159347
2451,37.922250580796046
2452,66.90289999836376
2453,30.524045611484123
2454,41.618248888636884
2455,28.270415277584473
2456,52.21590319978911
2457,37.93768783495797
2458,50.97950731173182
2459,33.640109030136344
2460,42.85773861049093
2461,72.49223829442714
2462,50.351411458120225
2463,49.98019907602118
2464,44.459861047692186
2465,31.74051371434359
2466,73.1919606206566
2467,34.99837656301646
2468,60.818667267236236
2469,70.54991766020872
2470,79.1194910942972
2471,63.94446816833691
2472,30.598145351914436
2473,26.57583593435204
2474,27.518860063482787
2475,58.7159374370174
2476,30.169182654410424
2477,70.17235369180555
2478,70.17485286654433
2479,29.704547713703676
2480,18.786333207056717
2481,71.27123636762042
2482,30.772455777877223
2483,31.01794870274828
2484,29.928488047061855
2485,30.10943734827651
2486,61.28541146331786
2487,43.047413887663666
2488,66.13158989078867
2489,34.449498638663826
2490,29.920401441215613
2491,49.87957663837208
2492,43.83347076756152
2493,74.99803069194802
2494,54.83408568700915
2495,56.275152380024295
2496,44.547091655255656
2497,69.67131481694155
2498,48.85544151950701
2499,33.067038473727045
2500,43.48432870834921
2501,40.07828649538742
2502,32.05054694447249
2503,23.90280591852331
2504,60.37559336010277
2505,76.57458366717036
2506,69.22446874793671
2507,27.870134019879995
2508,39.872443681660364
2509,57.26287818725757
2510,71.85369139481794
2511,21.59543707395012
2512,47.42573942298404
2513,33.22045976934885
2514,31.45986542307133
2515,27.986016680440056
2516,74.67637103854851
2517,56.6205297628632
2518,70.94852568609274
2519,55.27942469685769
2520,38.94477656770882
2521,39.201877349319275
2522,33.9937569884206
2523,34.80789852899143
2524,74.50545706150442
2525,34.94257539214483
2526,27.31783399862928
2527,28.058497082879892
2528,71.32149876796866
2529,41.240615755138634
2530,70.77950342666104
2531,67.87152594562865
2532,38.10648896098516
2533,70.23836140588774
2534,31.322350398736216
2535,35.26879421735869
2536,31.232498064101943
2537,32.46135172000271
2538,32.84598303400233
2539,31.663533785754392
2540,32.3236737167082
2541,48.47305141373882
2542,28.325406677611053
2543,25.62613548123235
2544,33.54640944277136
2545,71.88614859369885
2546,22.83647808366271
2547,75.92281163703267
2548,56.20740849104591
2549,32.02277480093413
2550,44.02925336451536
2551,34.22301253781352
2552,36.77701682021521
2553,34.39321398235309
2554,33.45963048332413
2555,81.9961056932836
2556,36.82292468779987
2557,70.73571300030395
2558,66.37966200334073
2559,61.107022193039654
2560,69.07301022277336
2561,35.46198593844049
2562,56.87027634744281
2563,69.41810945896262
2564,23.539751672344078
2565,62.3420267510342
2566,39.74168949987428
2567,30.47510417958374
2568,30.945849980897503
2569,30.492887854550187
2570,31.581299550186653
2571,33.84448158491189
2572,68.14128021326732
2573,59.06667642505025
2574,71.00448226493417
2575,57.0789214309621
2576,32.2302640659816
2577,68.3771205966511
2578,64.31925737149099
2579,30.68276184930924
2580,29.247156136699825
2581,33.30553388006028
2582,25.56516870322721
2583,56.59177119792711
2584,74.51487845341927
2585,47.84711414784525
2586,66.68706698357667
2587,81.63147888116629
2588,65.63518150762634
2589,53.9534035408464
2590,27.871453912777053
2591,63.1111345855367
2592,25.4935829942208
2593,66.68178996236567
2594,65.79236805706778
2595,63.0883050417107
2596,57.451392825583895
2597,54.616036409569034
2598,43.792229284963014
2599,26.784244126015675
2600,47.34725739336094
2601,32.23401020405298
2602,22.743557178266276
2603,58.507357331068604
2604,39.61076834416832
2605,32.04895601773801
2606,56.491462806611665
2607,65.86280819596053
2608,49.08865339084037
2609,68.668415652271
2610,35.789466348143634
2611,59.79106060939647
2612,72.88478330697296
2613,38.41948389920252
2614,48.13626692339085
2615,27.075577057315154
2616,27.053574380995485
2617,17.50488164631268
2618,74.65741554418653
2619,52.07233471834062
2620,56.42900004734361
2621,72.34405695541885
2622,59.1099188248853
2623,65.48964662812942
2624,47.406806463574824
2625,32.056545542109106
2626,32.5068990432942
2627,29.655735399002406
2628,68.13993235273607
2629,34.99157099395576
2630,38.773097230956736
2631,31.675989287651532
2632,69.5237463355861
2633,31.40183718104475
2634,55.723945232512534
2635,66.8897904401514
2636,56.264853421664284
2637,62.47709900441307
2638,32.27923405462808
2639,34.275656876378335
2640,61.70566981535015
2641,30.69745241423605
2642,35.798597583990215
2643,45.146500923052315
2644,69.79963072029828
2645,28.37314100096435
2646,59.32657061205853
2647,43.06204682415054
2648,59.41798795249204
2649,33.81921451492251
2650,63.906213816758964
2651,34.0569387283457
2652,33.02532066259799
2653,29.702271633855073
2654,29.790231760660628
2655,65.34907542328104
2656,72.72427776058113
2657,60.71208811096463
2658,65.34777483922161
2659,32.67192774325612
2660,29.627243948259828
2661,23.62321191324054
2662,55.96618455056991
2663,70.29847497165977
2664,69.72218482580324
2665,50.89141091607402
2666,69.6448886632026
2667,33.95842960512533
2668,38.779071181410515
2669,40.65541477881713
2670,38.24379289694383
2671,57.51185905888009
2672,60.50502721850751
2673,27.72487097161348
2674,73.65539889845468
2675,47.92908690172378
2676,45.260779284233635
2677,74.90156687657645
2678,39.0726833288985
2679,68.39435004919957
2680,27.680517451746223
2681,45.12146596664685
2682,34.04351876762951
2683,30.817546971262754
2684,62.4508566366695
2685,72.41999999770715
2686,38.85729805381904
2687,41.12762419384353
2688,34.42636727504369
2689,70.67920384950037
2690,64.25959261196682
2691,35.91954316501278
2692,36.52857071145219
2693,36.503464711697575
2694,52.94386933547752
2695,30.513153179187338
2696,65.26818981398168
2697,37.02347089324973
2698,72.16239378943129
2699,38.720783488055964
2700,31.732165166434154
2701,33.18739662437406
2702,36.91497338825317
2703,58.04896395007945
2704,87.83141190162883
2705,92.45056846941065
2706,50.37440945295486
2707,68.64481010285292
2708,31.496734652133608
2709,34.489734883535135
2710,66.70522885721499
2711,36.04944130895156
2712,40.81419770157072
2713,47.74750835419232
2714,67.28623738916978
2715,71.42688009584201
2716,65.11897904112986
2717,24.137601698966076
2718,44.29876523884015
2719,23.436992190778223
2720,33.83779957068768
2721,33.89305399894279
2722,68.575846301037
2723,30.655989350089964
2724,73.07497957003524
2725,38.18838063476777
2726,70.15232517594572
2727,24.019045596433628
2728,47.3985882747423
2729,47.7285697225919
2730,33.4842504421095
2731,35.372643467181284
2732,40.31471999782397
2733,39.88819158528476
2734,32.09760786735883
2735,73.18622247338577
2736,67.47561327929276
2737,45.41390909721086
2738,27.295197504405888
2739,70.86797241165
2740,66.78411437451001
2741,28.6351445572765
2742,46.79026093151012
2743,40.13858275750792
2744,51.94264214676424
2745,45.658569592647936
2746,38.34810675698961
2747,76.28906217540892
2748,56.41719508817678
2749,42.10209998612912
2750,48.74586024808403
2751,68.64982551016134
2752,55.98116673097712
2753,42.46751982229674
2754,34.975384253775225
2755,59.96580263905675
2756,28.83573082473607
2757,67.16727265659372
2758,72.16939615488863
2759,32.632112174340094
2760,38.06701859250911
2761,32.71863483394256
2762,43.39379402233668
2763,28.717831988423608
2764,64.39086503761719
2765,71.26148975267746
2766,69.87485429429343
2767,80.85575372984101
2768,62.457170584441045
2769,31.202637697088914
2770,27.643641295592847
2771,31.93637271412923
2772,49.16293412527911
2773,70.20701782526002
2774,37.487715590304326
2775,33.389293206058895
2776,69.74286020773145
2777,36.8499756396606
2778,36.62858265635293
2779,69.2079105353275
2780,33.70352870293482
2781,69.70152983823904
2782,37.68973927125576
2783,74.12918422227797
2784,66.12380852283894
2785,39.36867410364526
2786,71.48196589112584
2787,70.96148367522184
2788,35.945796077706376
2789,77.15877354481725
2790,72.1845934775983
2791,49.57697439426718
2792,33.878399294311436
2793,43.25099080656516
2794,68.65414100500979
2795,37.47615584381407
2796,39.77353880005831
2797,26.88231765307264
2798,28.731168683973916
2799,72.83986303386745
2800,44.22024029356731
2801,50.89903165746372
2802,50.23658603613647
2803,72.57729246859512
2804,41.59594060335241
2805,30.945731021001475
2806,82.41813398486971
2807,34.05268889197907
2808,45.70310225653522
2809,56.82854427111499
2810,34.98414466773865
2811,71.1030702455448
2812,34.9446601706647
2813,66.15138578452311
2814,49.56533302190839
2815,31.74689458310365
2816,66.88722123699425
2817,40.66329017225179
2818,36.36553973972782
2819,30.304306250905665
2820,62.96284040332331
2821,65.89293323247949
2822,31.624032693645386
2823,36.069946691671916
2824,26.66249848258273
2825,33.66127252212305
2826,72.5795554392208
2827,47.66937721172193
2828,37.05764058741288
2829,71.69605037337494
2830,28.708064067059073
2831,66.53512061173134
2832,67.2464823997726
2833,42.81844971895812
2834,72.69437207951678
2835,32.0972478820453
2836,31.183209638447718
2837,72.88140209257259
2838,52.213588844351236
2839,78.01259719281934
2840,64.43607627962594
2841,27.39599535304792
2842,58.33396152841881
2843,71.83314372895619
2844,31.7580427666315
2845,40.65112504150713
2846,48.92393894357828
2847,69.4751028139966
2848,46.7828460981852
2849,61.9878762273262
2850,46.87984703043594
2851,66.08501539903078
2852,57.94008598017349
2853,42.21765321357644
2854,29.355304100770763
2855,54.68477320614657
2856,71.66116734235706
2857,66.54263951308711
2858,58.371892464071884
2859,36.982697432237124
2860,40.7591718084431
2861,33.84009504508208
2862,29.824630150053263
2863,65.09733834368215
2864,36.66409468237585
2865,28.627893740319077
2866,64.09271204169943
2867,25.04206411813559
2868,52.14354123480261
2869,34.0567853717053
2870,29.085402991395636
2871,32.53076440642357
2872,70.20836282555224
2873,24.127991393331268
2874,73.76735124632954
2875,37.018241727254214
2876,35.76712684227013
2877,40.43037222191086
2878,54.41016031178785
2879,62.936124208878084
2880,46.560470829674614
2881,58.926856414192926
2882,74.06183512979017
2883,43.52768701920013
2884,73.12481888262475
2885,48.76800898239007
2886,32.19334490168717
2887,32.527163855654635
2888,63.334485971708375
2889,29.3572095942643
2890,39.27302184764633
2891,50.708236375896256
2892,32.2910973028377
2893,77.98070079369332
2894,32.292198131755626
2895,45.310757018381636
2896,32.029049659918456
2897,24.970844040820165
2898,65.79958928288373
2899,39.30857339200122
2900,35.673034046420575
2901,33.24039340527936
2902,31.54389290180334
2903,74.6883575084527
2904,32.37220993993708
2905,57.04636643953303
2906,45.211677105304446
2907,40.29413445905614
2908,53.73278369840588
2909,68.87958353751972
2910,42.31928826819133
2911,63.23845397794699
2912,67.53389238999756
2913,37.07389224998785
2914,44.09580971384743
2915,65.52562728233825
2916,50.05788435477602
2917,28.815221237894445
2918,28.26752215750069
2919,34.23639852514883
2920,28.7572084213899
2921,23.035803477711507
2922,21.635316145764147
2923,56.47253536540525
2924,33.32902033333373
2925,38.88942056452727
2926,30.1608135242553
2927,66.73191146799135
2928,36.476891760168165
2929,31.30808913835254
2930,43.18519057221165
2931,30.696832270279803
2932,29.55639607309055
2933,40.256728463201924
2934,37.82661662930739
2935,51.203190332998105
2936,76.66426618018328
2937,27.106456853879887
2938,66.81445697052084
2939,36.599130846849995
2940,32.685488556917775
2941,26.209938504434984
2942,56.64029656226463
2943,39.12515978633519
2944,70.9364810261854
2945,70.64225367194348
2946,43.774021429088485
2947,27.94310173698689
2948,25.81341193111606
2949,55.919187528332905
2950,33.519582517063725
2951,39.27476049170025
2952,71.22537740026303
2953,31.85746463122538
2954,46.76716527787168
2955,33.400083904716
2956,57.042539051572966
2957,66.44086279473873
2958,26.73981041069678
2959,28.243320841077757
2960,35.94512400715037
2961,51.3423023067501
2962,76.0865141356036
2963,38.851275435421115
2964,30.23466139782624
2965,71.15788925334128
2966,89.92917730036473
2967,33.4617693313982
2968,49.038986119558544
2969,35.25834067365403
2970,32.407591459059304
2971,32.9277250451959
2972,39.26036815189802
2973,34.137863272714014
2974,30.387805334200547
2975,33.48435795870252
2976,31.957676015998583
2977,38.99396987909703
2978,28.60025039977617
2979,29.300093571613882
2980,64.49693314019086
2981,71.30561272319198
2982,70.93228120271064
2983,63.00994039688526
2984,36.89539138495327
2985,44.200971069149375
2986,47.3748472223162
2987,37.320584605968804
2988,74.5443971041294
2989,74.53849781366065
2990,71.31366721336013
2991,30.808382342193593
2992,70.53618646525636
2993,46.158837962459
2994,72.30679957910047
2995,34.164235600607284
2996,47.98082589114808
2997,34.491321165935105
2998,69.4244786781597
2999,38.776934965209335
3000,75.03911960526375
3001,80.40942301891909
3002,46.59496238936966
3003,31.97990425171142
3004,39.74520663489105
3005,33.026178578385654
3006,26.611078537680836
3007,76.19317419130701
3008,31.7905331338228
3009,31.7064746067971
3010,38.26029396778978
3011,76.27864070795297
3012,75.02056796191327
3013,64.09804022518205
3014,35.75446281093413
3015,69.75357546317197
3016,70.34384599238429
3017,70.59079467336237
3018,33.66635333815029
3019,32.00706787655428
3020,35.69996426956844
3021,31.517319148082386
3022,55.8989252724986
3023,47.42784378574578
3024,69.46021757830556
3025,62.41933163719156
3026,53.31841711791378
3027,32.44808406087712
3028,46.421330125046495
3029,51.664466190906055
3030,71.6958141532716
3031,30.202516847647022
3032,43.814959804676505
3033,27.307895045584942
3034,58.16317472052529
3035,66.72692127745533
3036,67.3960516517791
3037,34.216253245907566
3038,70.59284822742681
3039,28.8494718021617
3040,65.30983077403624
3041,72.63690123046517
3042,36.26989429544116
3043,34.20362182420021
3044,43.406207744575326
3045,62.98040200859916
3046,36.67660035336739
3047,42.03647988373318
3048,33.6799059600731
3049,31.67526035933571
3050,26.718707014789207
3051,34.585001117179225
3052,77.91130361527944
3053,40.60165200999133
3054,62.69545656495333
3055,73.06792576337328
3056,35.34613943393097
3057,30.243833354263497
3058,40.20497460802784
3059,92.59278767083853
3060,48.488899883045896
3061,71.44264693602264
3062,36.26529980228864
3063,29.88882996690408
3064,31.521691272672864
3065,75.34198688529973
3066,32.3766470333682
3067,69.66979512055254
3068,30.769603338342648
3069,37.00114600186249
3070,26.609101266797023
3071,34.09332792724251
3072,66.11210176772524
3073,29.36656945917633
3074,59.25042232401401
3075,32.97674793964484
3076,46.06074961440076
3077,48.20527979607631
3078,50.948404774088175
3079,69.73601939277007
3080,29.04892548057087
3081,32.19202525202773
3082,77.40703126324907
3083,61.13911578561611
3084,62.53345450445441
3085,35.8677094192209
3086,32.351649962389416
3087,27.81129280730317
3088,36.58021080997645
3089,41.37960345663019
3090,59.50422003007716
3091,60.30530272094059
3092,31.795273412653128
3093,69.21201947553689
3094,31.851985328723185
3095,60.83652445167952
3096,72.04528730373563
3097,31.266694977249834
3098,32.911938821388986
3099,50.64810623662548
3100,36.175217119002454
3101,70.80917767456107
3102,35.82696244897648
3103,65.47919526138318
3104,44.09045909458592
3105,37.30332375432093
3106,63.966797785971934
3107,42.9920019229946
3108,83.48964151354065
3109,73.6080246301278
3110,68.669804495823
3111,69.36943267730635
3112,44.125499950280755
3113,35.705542211678534
3114,36.650369833060616
3115,23.85745096133586
3116,47.77390404739532
3117,38.43368300809788
3118,39.92768142221347
3119,64.73220386481276
3120,54.9936041421699
3121,44.56461402947322
3122,44.132935704182316
3123,30.78225180644729
3124,52.888759300173035
3125,45.91983862191033
3126,30.932555161964782
3127,35.98652376298588
3128,35.16415870080894
3129,24.772285823970698
3130,23.98414320155095
3131,49.08076996464041
3132,19.487523282020863
3133,72.23001687249533
3134,75.57987861027661
3135,50.75726760316807
3136,73.56674412408509
3137,33.882403895163876
3138,31.069930678178647
3139,36.21458390997907
3140,21.83307498658568
3141,63.3894188561451
3142,49.48231559674592
3143,47.24334651854555
3144,52.69034493052355
3145,25.484235254016266
3146,29.498996825417432
3147,39.891179206671666
3148,27.827373358720944
3149,35.86987632777008
3150,35.8545426102914
3151,32.14331186171899
3152,30.00550775494946
3153,33.27584014173975
3154,36.64397456157403
3155,63.744629700508796
3156,29.379730707507914
3157,22.64924271421219
3158,34.028452361369844
3159,34.11787572519874
3160,68.34739480962052
3161,31.01127490630581
3162,61.869960485836124
3163,53.05616434020429
3164,23.42908188780812
3165,53.27734066094223
3166,72.3789127645693
3167,40.02857961707278
3168,44.51432820772062
3169,28.027914681796073
3170,41.88642676543546
3171,31.32691579527126
3172,51.98817986650519
3173,33.19667091998453
3174,28.56717676433229
3175,51.42758920280281
3176,28.58109439140861
3177,69.80988726582491
3178,38.77279195095575
3179,57.593006243612166
3180,30.223692298147707
3181,77.83880285914641
3182,27.071400339749644
3183,37.180155566563975
3184,28.378899900259253
3185,31.933974152573366
3186,30.011449458054965
3187,72.67243957796656
3188,31.872006734910055
3189,39.58566980396729
3190,65.70974697413571
3191,67.71555400722947
3192,43.750467557602526
3193,80.14476790835
3194,76.35036427145026
3195,33.1182376959365
3196,31.91817442106137
3197,64.8562052242681
3198,76.14901984797892
3199,78.84125282978691
3200,39.826556389433634
3201,23.694013448602664
3202,27.229698675574458
3203,52.53958921010145
3204,66.08719803123836
3205,59.835771316408554
3206,40.56112212016319
3207,26.00837308720966
3208,34.05166018477364
3209,68.47510388479739
3210,52.27091439654829
3211,36.67269428886051
3212,64.43343243899142
3213,68.29477219500963
3214,27.69118328873658
3215,31.11690253401405
3216,27.30064780730528
3217,47.72406064274878
3218,35.85205214809427
3219,65.0798407561236
3220,73.83858789245987
3221,68.14197060589316
3222,31.482075150887713
3223,41.83376023846296
3224,34.273362840929614
3225,31.107381861034966
3226,26.999927277945066
3227,61.447880908677774
3228,73.78200041350338
3229,41.796479576084295
3230,34.02640687486533
3231,31.251346331141665
3232,31.38260270992874
3233,68.160335017908
3234,38.21336852388241
3235,41.89961681121463
3236,47.69107516490434
3237,63.86878416444415
3238,59.384654764983225
3239,29.50335321559329
3240,31.020692282310772
3241,27.386967024659906
3242,63.293170633897844
3243,26.506948283665125
3244,28.993331630026287
3245,37.811753876519035
3246,73.88387218411748
3247,51.04124469847309
3248,57.16707422359113
3249,61.84567117282867
3250,66.6076301678212
3251,65.51915391430431
3252,33.5177096344495
3253,85.43597321381284
3254,71.32484531727738
3255,48.08828756518894
3256,71.00988823731181
3257,38.194583160121454
3258,29.65787612824054
3259,39.38144947967222
3260,58.51142096905339
3261,33.051016245014594
3262,57.72829285146061
3263,30.956814461409518
3264,31.564473946748873
3265,37.165160479861626
3266,34.27869619388325
3267,56.7753850003189
3268,66.78112706705475
3269,76.26875900168267
3270,66.42300875089573
3271,33.628702085562054
3272,69.92810621120744
3273,30.9205562527258
3274,30.53054369208103
3275,34.39771484454373
3276,57.79220505905162
3277,78.29966293475064
3278,37.93031951068735
3279,29.78616956431463
3280,72.38526373200703
3281,71.09014679713778
3282,65.12189959767967
3283,29.571527728395036
3284,29.81859584073995
3285,53.56626582801486
3286,34.89136919780512
3287,35.157264509138734
3288,31.850948924619008
3289,59.923502896427934
3290,71.54770217903902
3291,70.34718684092259
3292,28.60973684560251
3293,75.3743578529267
3294,47.28912868040729
3295,29.738665837129556
3296,33.55118401362458
3297,65.1911519623331
3298,71.42590094059273
3299,61.80970698786297
3300,68.17379120509143
3301,77.17019610225056
3302,78.41681723665802
3303,29.908776713798627
3304,32.33069151720444
3305,72.58065864588765
3306,55.085926669195594
3307,43.59377071221792
3308,30.282054724688432
3309,32.57925116755061
3310,26.576214651252183
3311,57.21288997868719
3312,31.321157179684977
3313,50.61008254338941
3314,34.63472630218152
3315,49.98595645816633
3316,67.64481237740279
3317,65.58912300652527
3318,25.009297691292492
3319,31.138674370527916
3320,42.01683841796324
3321,30.646684239212714
3322,65.75931089888587
3323,32.380712600973766
3324,60.89808677520894
3325,33.35869109862112
3326,51.75901508393278
3327,30.77700513595664
3328,70.16567040872022
3329,70.34370591895829
3330,75.17339079578133
3331,35.71592814772417
3332,50.62029926950393
3333,67.12244767833957
3334,64.64081540261695
3335,35.315221803612616
3336,38.86891914192532
3337,76.05977340947693
3338,60.81418986941269
3339,28.96286514769457
3340,42.19865921771168
3341,32.52085475090143
3342,85.98277971009225
3343,71.45746100281777
3344,71.8028754250726
3345,70.96641100223171
3346,62.25244707212553
3347,33.74632544607714
3348,30.982025210675086
3349,28.5628722569716
3350,66.7370148112203
3351,49.703980011316006
3352,67.10156565711245
3353,30.926615826811084
3354,35.03383603528913
3355,31.062675738307174
3356,71.47194248312397
3357,56.863987704030876
3358,54.96267004480775
3359,44.05777138958548
3360,41.91041801942448
3361,55.04730254627465
3362,55.27133681448584
3363,77.94571812102106
3364,39.944146935467316
3365,44.628280733821384
3366,26.603231018831988
3367,50.88467881647408
3368,35.088903517164596
3369,47.55874416655678
3370,35.446376216599106
3371,30.75450344299426
3372,39.146298234458584
3373,68.95821342461977
3374,23.502099334603873
3375,50.81884885788371
3376,46.8348640112117
3377,76.83626760233194
3378,55.643110718202706
3379,30.53476800641293
3380,33.126429906843526
3381,35.78936386594732
3382,70.1358781252229
3383,26.776937045597474
3384,28.60330730034209
3385,31.410362078681526
3386,31.88557734312624
3387,67.89603587134407
3388,57.86264268309919
3389,31.976133554668035
3390,40.86054484819896
3391,32.704646552763705
3392,29.28918047184825
3393,82.14238748208263
3394,77.20764968050493
3395,65.00517411721805
3396,34.26437074460573
3397,36.146380088221555
3398,32.25658361006151
3399,57.66439676136447
3400,29.615091124869007
3401,35.94495370859545
3402,56.9171115628382
3403,38.4054693620793
3404,62.089611622846974
3405,71.41938388054078
3406,38.98723455013534
3407,33.041074893640015
3408,32.17511777643759
3409,68.60103059149593
3410,62.30875040563866
3411,56.15262637495145
3412,45.65618406089597
3413,40.56282321823391
3414,40.21127187313485
3415,34.10162734478325
3416,74.55975508447041
3417,67.91525782624514
3418,31.175223569828628
3419,20.244760668967913
3420,66.53655694994873
3421,34.0957913093478
3422,52.378130586988306
3423,42.90659163111839
3424,50.3443398342428
3425,32.92214699684139
3426,63.05597286825334
3427,31.231822944250677
3428,37.74011552264528
3429,45.21020708315409
3430,28.748245592197225
3431,70.57202902880555
3432,51.34784650800691
3433,55.02300694173849
3434,34.686420497854805
3435,70.34033156295283
3436,41.34130213906034
3437,51.86163194895056
3438,18.308989487049498
3439,74.38240948120142
3440,39.47797099056629
3441,42.28110190904165
3442,33.361362046028646
3443,28.149828980998574
3444,70.58962739790152
3445,34.819164129535764
3446,23.318735753913142
3447,47.55598491604286
3448,56.86542453971518
3449,44.27378354264931
3450,26.070869077040623
3451,35.551727042220136
3452,41.859784847107036
3453,42.92686484112362
3454,72.35553420749734
3455,33.262672274848086
3456,46.009552061012755
3457,68.48612684004551
3458,68.42818333555401
3459,39.4187902938738
3460,28.67407830468748
3461,32.045232801791286
3462,54.57360227797899
3463,72.49739340866994
3464,36.35001219535819
3465,31.768964156824193
3466,85.85717647234151
3467,56.735017288376596
3468,37.43768819813998
3469,32.19201778124847
3470,33.503115727460525
3471,42.330902024093014
3472,51.78730155233498
3473,64.37143513056968
3474,68.58043275192632
3475,68.96368624289916
3476,28.709999177337085
3477,50.96772152411844
3478,46.83778891054456
3479,35.02358715508881
3480,32.91912592556896
3481,30.727619730511787
3482,33.2756552219458
3483,55.978574848518065
3484,27.387909292065196
3485,59.86929642256118
3486,44.32623621711909
3487,29.095424176840762
3488,29.687348660793344
3489,74.37810452662502
3490,73.26686883458616
3491,40.89520454678021
3492,61.984201557083026
3493,77.14137131138263
3494,30.537323411504655
3495,41.81340123868378
3496,33.78075695733682
3497,31.19293288207484
3498,43.653375916671564
3499,47.67354508337892
3500,33.73069782321153
3501,24.981132182033658
3502,73.12199653334616
3503,55.17330211280009
3504,33.54371781077054
3505,38.84725569198789
3506,75.61902092459395
3507,30.658934410747005
3508,34.35659301643386
3509,31.81386742548599
3510,30.864905844401807
3511,62.83912583462612
3512,30.8901290984906
3513,25.47129496402967
3514,16.859562608871023
3515,71.85363856843318
3516,71.97019141944226
3517,26.396692242291724
3518,31.91108289402851
3519,70.76775521386172
3520,75.24674274059177
3521,40.93623079622069
3522,49.99843532965652
3523,33.09062413099616
3524,56.52876005239976
3525,29.86160402143847
3526,28.997809972780896
3527,29.830585154375726
3528,32.899027174409085
3529,44.48329851147385
3530,69.33501668447867
3531,29.433762512396623
3532,57.46528657913116
3533,43.055726315417175
3534,28.83622005898864
3535,73.87031963174273
3536,48.12329235638727
3537,28.459907269886013
3538,30.74120469116158
3539,36.828096635046464
3540,40.11450247032961
3541,30.811524563359942
3542,39.531319566654886
3543,50.05965084709537
3544,33.96975270835165
3545,81.30658425579631
3546,62.92199217106514
3547,44.76202488981845
3548,22.80579302254684
3549,65.90686539570183
3550,41.42449981344404
3551,33.82860143102684
3552,40.308283447128375
3553,58.62695500917829
3554,37.15875973058441
3555,46.63420275340613
3556,43.73920589482243
3557,60.079262782541115
3558,74.41818868803229
3559,46.80538686564283
3560,73.03324242221899
3561,33.572412153401544
3562,81.2069629943351
3563,35.02691699660852
3564,37.56907133468304
3565,60.36738521012184
3566,45.74671964557463
3567,40.37964723146322
3568,24.007847914031952
3569,58.56724775262413
3570,46.64251326301492
3571,50.461392049478654
3572,35.61241558077639
3573,56.37590389864016
3574,63.07993615668785
3575,54.52452176773357
3576,54.494521197353166
3577,52.81776720173364
3578,30.994967253150175
3579,36.192784737211014
3580,70.306189113314
3581,38.20553999399293
3582,31.772377526016538
3583,34.330446045639064
3584,43.17096889541864
3585,28.367727869769322
3586,78.714630688555
3587,72.08462918449382
3588,66.6305769616132
3589,70.8392203059543
3590,34.68944853848629
3591,75.62943073986843
3592,69.01868304599967
3593,30.806953296712106
3594,30.0127816541609
3595,56.92849557023943
3596,27.553132223955462
3597,36.799501585404286
3598,29.823915353059785
3599,74.03645324979529
3600,71.26983828815203
3601,38.45346831043638
3602,37.83325153063002
3603,67.06654188424707
3604,35.346422992439926
3605,69.18982954239375
3606,31.16467122224692
3607,34.450035817871125
3608,67.01910021383863
3609,37.75062416456718
3610,31.847482421643956
3611,49.45344537068325
3612,56.03718947209512
3613,66.30539880217216
3614,46.39604652410995
3615,60.737288399503534
3616,31.001346946993866
3617,63.42159454160805
3618,35.56800194740519
3619,42.57115842657926
3620,52.9162906884159
3621,57.30510442736957
3622,41.6241568780803
3623,56.27588303546717
3624,42.26996937724293
3625,32.53832878882858
3626,41.172454807876576
3627,53.754912514127625
3628,28.84228113200374
3629,65.70388012830468
3630,69.30024405970552
3631,32.10922039365704
3632,48.52799999090567
3633,21.87871219386412
3634,69.47896956984515
3635,47.12033689727452
3636,49.717508179926625
3637,60.33340796367966
3638,67.26980312929079
3639,79.30716865426444
3640,35.690716812459456
3641,53.59282839945628
3642,42.67777889662753
3643,56.44070475791326
3644,26.733839305531873
3645,42.64013443136757
3646,50.36965638413842
3647,60.60013911316601
3648,21.668119195462044
3649,32.66873404747275
3650,27.674994820815396
3651,30.013114033925685
3652,44.64023347423493
3653,32.4989545097157
3654,62.878771358279536
3655,71.51517301933875
3656,33.18983715757918
3657,33.95895702113012
3658,66.50350816703214
3659,50.163745373864245
3660,36.17061057429069
3661,69.39658604416948
3662,29.71350451171369
3663,30.318267784441574
3664,70.78668853020669
3665,26.7556132768532
3666,71.58188443564023
3667,38.84541852912665
3668,52.632248302294336
3669,31.822195659682787
3670,69.80527658632877
3671,36.36088035983298
3672,30.499649389864967
3673,47.32481812357476
3674,31.2011078321469
3675,66.36332592148702
3676,55.460655113692326
3677,65.11761756696318
3678,67.52663623797781
3679,46.97259648925531
3680,73.133921076779
3681,50.03878135623709
3682,52.34336545818493
3683,28.91528283248061
3684,56.39698751070956
3685,30.62956259767016
3686,50.10750483151398
3687,68.49921234090208
3688,65.66601170202428
3689,62.69743617077202
3690,56.65209806005437
3691,26.676054653931953
3692,71.56074711483996
3693,29.566229934117768
3694,49.30947110211859
3695,37.341553758891195
3696,81.56958370531976
3697,54.96788071159416
3698,28.767224929795997
3699,39.80006533860005
3700,34.75508270643495
3701,50.27721427067826
3702,68.64913719395896
3703,36.129389093162374
3704,74.45518130332698
3705,67.79007752944425
3706,54.173368239374156
3707,33.62447944720955
3708,36.14024225303126
3709,65.74108522523326
3710,47.36744795807891
3711,35.83483160746093
3712,28.13925764126489
3713,71.85949289807085
3714,66.21254884121429
3715,24.960694155050415
3716,36.315436326970776
3717,69.27695445779783
3718,68.11307797199322
3719,55.02657659203125
3720,33.638958244563256
3721,72.6134168347378
3722,55.39285003558791
3723,68.71752052809235
3724,30.889689924261315
3725,37.566955852522185
3726,38.83026352235113
3727,53.3986412051848
3728,30.216964881696068
3729,66.5990606259236
3730,34.906193097813784
3731,40.85532656186571
3732,52.92891571720632
3733,70.1326040113052
3734,67.00569503161026
3735,58.192323231965716
3736,38.00933305670732
3737,74.59375383756077
3738,70.30876152385757
3739,68.9328889582695
3740,37.61431885587612
3741,64.29349959670294
3742,71.45404716767769
3743,39.62406499028953
3744,58.70507346605726
3745,47.03851080911691
3746,64.0155915177424
3747,63.74642587841316
3748,34.5823079677529
3749,43.24163377493316
3750,36.96804991691697
3751,43.65990515340421
3752,32.11961801442348
3753,67.31067783454772
3754,59.45038861354401
3755,35.4008930934279
3756,59.10949601405915
3757,61.480501718616196
3758,42.467665501165705
3759,71.93840653618912
3760,70.77881898774098
3761,62.979531361722124
3762,30.551059197543335
3763,65.51032762682478
3764,36.126179027640376
3765,67.6995093091131
3766,54.96221798839066
3767,36.874240974196354
3768,35.37127643496656
3769,31.899785749222044
3770,31.671500702842433
3771,70.9681018111451
3772,48.51860183531872
3773,53.40661885141688
3774,32.85504541101086
3775,65.33830959210687
3776,72.78315801586004
3777,28.0824874346642
3778,71.06794896499422
3779,39.18849752447771
3780,27.080933036662724
3781,54.44854985111951
3782,34.66718397298943
3783,65.17460614464343
3784,24.76369013662413
3785,38.43826449206345
3786,52.41397240639992
3787,62.639957849047946
3788,69.58017966387325
3789,73.66776724947793
3790,40.19787237876578
3791,80.17837533135591
3792,30.80679843277684
3793,72.9952351992127
3794,50.33350263695833
3795,32.6515400952783
3796,69.28447800595775
3797,71.25228137020083
3798,64.0702560584976
3799,32.46438015641648
3800,34.62357004084509
3801,71.83410084541669
3802,26.103922627173116
3803,34.89933392143574
3804,62.86206688691955
3805,42.146960920827254
3806,79.60116504918442
3807,75.99544972899851
3808,70.91280701145209
3809,73.30677393218193
3810,78.82135549052806
3811,35.83978348213532
3812,67.54481938621579
3813,33.794630092683505
3814,27.310939842965578
3815,68.26974113063575
3816,71.62273029887663
3817,34.420594872389024
3818,41.571467080678005
3819,51.305217304366266
3820,66.80730956631116
3821,41.742865751918515
3822,34.17249397637569
3823,29.519229151250226
3824,68.39053174562105
3825,38.06823477478045
3826,41.945060554590285
3827,66.31285251554034
3828,44.86734327224251
3829,27.757363724076964
3830,60.90107840554883
3831,58.11849456571276
3832,36.95385622542743
3833,28.378617289912565
3834,38.20154550373856
3835,75.4514397035126
3836,54.05325944891815
3837,39.51080964487325
3838,64.06820651009045
3839,32.606471417209264
3840,68.84344131759926
3841,56.596254755405084
3842,39.99217846429697
3843,35.06398087504671
3844,66.41062094579277
3845,46.96432818511896
3846,37.587519628678734
3847,45.47263128729951
3848,35.77566616017977
3849,24.91973788259126
3850,49.22744622648223
3851,37.01637556834443
3852,61.450646671780746
3853,44.212202503773014
3854,43.584310092173794
3855,27.901568183520578
3856,28.47649591082344
3857,61.49617637871185
3858,34.02971077124417
3859,60.18867798522501
3860,42.64555355007133
3861,59.68025122785322
3862,58.645101847528295
3863,33.369273201209154
3864,54.40171627278031
3865,63.50783665026647
3866,29.750548994102413
3867,67.86996588827668
3868,30.135438247044004
3869,44.311185228418054
3870,72.84157413077007
3871,39.02887646157056
3872,29.781461158203925
3873,57.29151444001837
3874,32.19024258259451
3875,29.930252872215316
3876,27.58438627027382
3877,51.41231157320235
3878,64.3046050500127
3879,45.77630011119602
3880,46.28080174275932
3881,34.52598578141095
3882,46.74386130250289
3883,31.547378685254042
3884,43.74981341657825
3885,90.86783800373044
3886,35.88034749729954
3887,28.057858275710867
3888,33.72447327914302
3889,27.096992262815387
3890,82.76228750848281
3891,73.75585253237351
3892,33.78617407742473
3893,25.58654464355431
3894,29.715047262710048
3895,84.0832192346594
3896,32.71284449709579
3897,29.377121280817203
3898,31.487949112637093
3899,46.92436931966644
3900,29.635115949245115
3901,52.363482008739375
3902,71.59481507313059
3903,68.1406441352747
3904,38.402184480981944
3905,28.93282181737602
3906,76.35082619454766
3907,50.42802651183601
3908,31.958133700044154
3909,61.91234461940945
3910,46.95646394548127
3911,53.4121180988193
3912,30.30161080864428
3913,51.876372860863
3914,66.67160641124961
3915,64.31786981918286
3916,67.55677741668592
3917,61.734413712319935
3918,42.95746015326665
3919,28.67854662336394
3920,26.79022960434656
3921,30.690018612483644
3922,51.228081537547936
3923,68.70468830905156
3924,67.63483420183373
3925,29.395662245641443
3926,74.6797734698061
3927,66.3486875637943
3928,37.63440940010811
3929,38.56174463284994
3930,53.082215009217485
3931,50.83600750029467
3932,38.546973096891904
3933,33.60682142442302
3934,42.285081216167015
3935,30.093836599074532
3936,29.56062642946857
3937,81.13052729620466
3938,67.9080844181831
3939,35.99079791063221
3940,70.3433680447257
3941,33.38032708580596
3942,66.63457574323536
3943,28.878552840853867
3944,60.783685589516864
3945,56.01685480230809
3946,47.50890513672321
3947,29.63278387123375
3948,43.901067467542674
3949,40.42310280633049
3950,59.32960348987612
3951,43.82552110519486
3952,30.316487037906196
3953,49.03637859218051
3954,29.616943905927567
3955,60.63537485600163
3956,37.591709542028966
3957,71.96794656605356
3958,30.01639271546693
3959,74.87616803907353
3960,48.50808770278511
3961,35.877682048664276
3962,72.2405891618153
3963,34.84989562368651
3964,46.199462946491835
3965,31.749361189972614
3966,61.784045493954594
3967,33.91340400386288
3968,38.86375624973701
3969,60.64682329151921
3970,28.49535380723522
3971,38.60429492137629
3972,65.515664727484
3973,37.28780111841077
3974,47.03441575319351
3975,77.07622250603947
3976,69.453137665162
3977,59.16756599229623
3978,69.30578329029218
3979,55.69750648014414
3980,64.74313940276934
3981,66.551895455198
3982,46.13244019850136
3983,50.2214761534678
3984,53.59689263694232
3985,50.40636131011533
3986,32.61703070647077
3987,31.648805648637516
3988,36.564138198602905
3989,37.01686247289822
3990,33.36662381247122
3991,35.80971928306745
3992,65.32955364348774
3993,26.56920330888967
3994,57.617135192828314
3995,26.310933034498216
3996,33.87828758185486
3997,29.346329366108378
3998,42.07381252911007
3999,39.69436500175972
4000,57.156501965025484
4001,34.543926128768355
4002,32.282579695253915
4003,64.78402482322434
4004,50.233367608302956
4005,29.901450835707674
4006,25.971926133359087
4007,30.488772409965033
4008,36.620680914607576
4009,65.59625888052551
4010,32.50462060631206
4011,70.65083284457197
4012,31.135261978652775
4013,35.98877868152644
4014,30.474238639690867
4015,41.362264105993845
4016,55.839085728395474
4017,38.6156616389637
4018,29.94763477266994
4019,70.4162488640659
4020,27.903352450967777
4021,55.47592291307525
4022,26.76454095342839
4023,30.77108729429614
4024,64.83293571662946
4025,29.734393626496978
4026,53.63723558693698
4027,68.6661543174468
4028,26.690896080506715
4029,69.5596639784677
4030,26.278160432818733
4031,26.47444403402879
4032,44.392437200746
4033,37.764278069243865
4034,31.726836487808807
4035,51.99882609362486
4036,43.82921834671002
4037,33.76301386193309
4038,62.026125456763936
4039,70.4276195109858
4040,41.38315601101561
4041,59.55117326221598
4042,45.78794694419304
4043,61.69042064786875
4044,49.43353981051594
4045,70.57645399786783
4046,69.30749465033365
4047,43.46284319441641
4048,68.39904177409973
4049,70.44871348088093
4050,65.13671151375398
4051,34.589534126108774
4052,52.792995948800154
4053,32.528704739454454
4054,67.54466791490587
4055,44.70163539104398
4056,33.07184650318871
4057,36.64459512198098
4058,28.408895668407776
4059,63.55928627285359
4060,69.49719394586448
4061,44.688659847810996
4062,70.28330302234282
4063,67.98223626771126
4064,29.286634898642216
4065,50.903071855731895
4066,62.81028505625106
4067,30.41282246130225
4068,34.36787292286047
4069,24.373238551070767
4070,33.10508044135592
4071,36.72986849824501
4072,32.63385344618496
4073,37.11864863774278
4074,32.35937426355462
4075,48.09819516899911
4076,29.001697351217327
4077,33.90266961254798
4078,40.802361880525446
4079,33.5013720139644
4080,30.145044925662827
4081,34.54185736111951
4082,72.02938499492295
4083,38.28264196808465
4084,34.88223731831259
4085,69.82259420601416
4086,59.47308133891222
4087,29.395448395123918
4088,50.04440991025591
4089,68.67245865827098
4090,31.510883006742027
4091,65.64801904028934
4092,32.43625059154202
4093,22.244608297898477
4094,57.549385831283445
4095,34.83348836091986
4096,53.780966555533105
4097,33.52139294045962
4098,67.44376620732864
4099,70.0585082206628
4100,62.611078032666384
4101,73.88514509861871
4102,49.86204752687285
4103,31.007462475232625
4104,60.62344843458836
4105,64.59268467149114
4106,74.55674776949975
4107,69.22348106146363
4108,33.31154562621464
4109,69.13773596184716
4110,31.62515074583117
4111,34.18429181608208
4112,44.38696302691397
4113,32.767396803406726
4114,70.13190760384904
4115,33.95098073072779
4116,54.10312540710471
4117,43.186238705417
4118,25.61513079586093
4119,36.05261351868039
4120,70.13738947986477
4121,27.378787403983797
4122,60.66830805104473
4123,34.907134621284825
4124,51.978290988164474
4125,35.95884306075703
4126,41.96840300688055
4127,45.846873428277455
4128,37.900726472520645
4129,36.20020474440081
4130,69.26571412466481
4131,77.11593817227414
4132,34.026932819502434
4133,47.751941591537346
4134,63.75894460840138
4135,25.03567782323341
4136,36.82161633528445
4137,71.29865216096644
4138,34.42644794758962
4139,85.4991462061322
4140,39.69564222480755
4141,73.99325190176764
4142,26.149712047478513
4143,55.129008004343234
4144,27.666243417163283
4145,39.53527382986864
4146,45.527654577846135
4147,37.74378883694038
4148,59.661773639000785
4149,59.55003552197974
4150,49.84820034681542
4151,36.341671965814
4152,32.842339155192846
4153,28.619481175040743
4154,34.43915882969462
4155,51.91786568589012
4156,69.29698822699507
4157,71.79607432952272
4158,70.93166649658242
4159,63.47987936560253
4160,55.94904772558775
4161,48.789212468786886
4162,43.04576579449049
4163,63.829482300755444
4164,70.76610385679594
4165,27.215262636446564
4166,24.096758237164646
4167,69.13161171058468
4168,34.620737384877444
4169,40.27672371716747
4170,37.06009269423894
4171,28.582911274364175
4172,40.270452918671594
4173,48.947198043505026
4174,36.22882199837407
4175,69.16663251783588
4176,50.77489985289347
4177,69.19497485657787
4178,44.73861064742256
4179,61.45673861884717
4180,46.663540361557395
4181,47.343560106478705
4182,80.32688977769514
4183,51.394670424340894
4184,28.23311272306223
4185,21.093008731432786
4186,26.99733828974082
4187,55.40628770607573
4188,32.148628823573404
4189,71.15464649545653
4190,75.00457706142159
4191,34.22718669276854
4192,49.80741461481779
4193,38.59028812799846
4194,47.49834926818454
4195,69.95709187855938
4196,65.5492838518221
4197,53.39888470897661
4198,51.19183311107337
4199,67.43288850628228
4200,29.973244217335402
4201,78.67369509998156
4202,57.15676613311628
4203,67.95330821275644
4204,32.7679695288315
4205,28.895996255431267
4206,66.04323157879914
4207,30.844366191163058
4208,77.70129282136129
4209,47.70279265633428
4210,54.68835587681348
4211,48.276328716023144
4212,75.27567581182252
4213,46.586635754769745
4214,41.58425143349436
4215,58.49316253486709
4216,72.12815224517242
4217,29.561934816613093
4218,74.63898378838365
4219,34.022477437375855
4220,49.65045595173861
4221,31.568794695556715
4222,71.60021397045361
4223,72.13226345185576
4224,33.64077984677685
4225,31.424733808318233
4226,39.62211158556286
4227,35.73066878016972
4228,30.287664217277108
4229,70.23771083887426
4230,27.64497003994725
4231,38.14000226401758
4232,26.614727657969734
4233,75.38698381026016
4234,69.30069744866628
4235,57.735334718806094
4236,51.672588609060426
4237,34.78492811589734
4238,77.19657528867603
4239,67.63361117595464
4240,67.47525758776814
4241,81.8762311598473
4242,84.10315552763154
4243,35.87441476496369
4244,36.52489350573105
4245,63.52612299952867
4246,51.684077073652844
4247,27.81237245834426
4248,34.00657771610558
4249,67.73749230632102
4250,36.7225160700652
4251,28.417005374371595
4252,29.724163495535304
4253,32.20268739995825
4254,66.45089167963644
4255,71.01568019614255
4256,26.93781693576562
4257,68.86088399378616
4258,58.98686435090157
4259,72.18009386902636
4260,70.70372069651744
4261,37.220484919100336
4262,28.3796106573248
4263,78.79773736327618
4264,57.97205159870467
4265,32.73189318405008
4266,38.335850948993894
4267,49.566920207788826
4268,38.64620596754625
4269,35.56166616040851
4270,75.8437988628599
4271,42.6407290214305
4272,70.71824404350834
4273,41.67804780047416
4274,43.84107054999055
4275,53.51012129021218
4276,69.40340976510386
4277,31.06271536671421
4278,61.31251712555827
4279,33.14586653511064
4280,68.23526206640204
4281,68.97778165424192
4282,31.50548897631942
4283,21.487106593719133
4284,69.01139833503339
4285,32.840329221537345
4286,33.00799226740985
4287,34.02834390393128
4288,36.22670663325451
4289,36.00063232287526
4290,52.53547047803229
4291,43.58130175058126
4292,37.082259638238234
4293,62.810354555714014
4294,32.636584329238275
4295,50.81890849041035
4296,68.87523417014907
4297,43.889315778305125
4298,26.638429984891182
4299,29.735301247175496
4300,53.68334875151467
4301,55.523856394534704
4302,48.73241301359345
4303,32.74819329098263
4304,29.912012726664894
4305,62.04231907374147
4306,32.095187124879416
4307,72.50741069166783
4308,34.85292664887092
4309,76.56230916820769
4310,32.8661298529415
4311,31.423760099811684
4312,57.233207266696624
4313,42.46612599149804
4314,26.994724172882183
4315,63.68849632359422
4316,25.986367187715768
4317,63.751357335917305
4318,57.44755341102913
4319,42.063271395325614
4320,51.418338414483145
4321,54.23402401104673
4322,26.466014776471958
4323,70.32112059348778
4324,69.52507598463657
4325,29.61191137579095
4326,25.10810267661233
4327,42.767982978590084
4328,32.91501477671039
4329,69.87929466997058
4330,65.20051980357442
4331,29.0788490960938
4332,42.49196246361677
4333,37.36708505006253
4334,28.40207005423053
4335,78.48063586042336
4336,36.639497622256016
4337,29.482828162986717
4338,24.732982062672388
4339,38.37086979680956
4340,70.227193864853
4341,27.283742756523363
4342,27.73607780689498
4343,33.127852740130294
4344,56.70358812266426
4345,31.121180500890826
4346,73.36446013337776
4347,32.02438736273841
4348,48.91525577650768
4349,70.74451358213126
4350,40.66615297547355
4351,70.57466821485164
4352,48.21820096568169
4353,34.572220627788546
4354,35.054255017646824
4355,42.28476391020497
4356,71.74644278322242
4357,40.20907308626435
4358,31.082039138406817
4359,52.27178099185828
4360,35.93689080382994
4361,32.789562819776194
4362,29.72927906259606
4363,78.07723487164102
4364,27.919120246140945
4365,40.218391261952334
4366,32.22251584535296
4367,72.59713431883854
4368,58.35016802518774
4369,57.44939453336592
4370,39.091091859586335
4371,33.215674107723046
4372,35.008923606439595
4373,58.68566603455767
4374,34.034246658340436
4375,39.9028146885819
4376,55.968884989562426
4377,36.30080132702125
4378,57.14175896259361
4379,70.95817536558322
4380,33.35491899360353
4381,36.98659928049754
4382,49.63380810981546
4383,56.382273193511494
4384,35.173549860198676
4385,37.612682597671494
4386,48.46743225004727
4387,61.22639639517733
4388,30.843724501099754
4389,73.05328481840121
4390,40.324576433672455
4391,73.1189249203739
4392,37.743624353876
4393,51.119368659429
4394,71.2031568132996
4395,23.615227355731914
4396,33.314331728586225
4397,58.87885947675815
4398,76.64811753645644
4399,74.40993088243378
4400,34.48384349043978
4401,61.81103064146268
4402,32.377312756916325
4403,58.6331720002366
4404,38.74280565511465
4405,68.6798456758058
4406,32.25559404561356
4407,68.5078053428385
4408,29.97270660962455
4409,44.114025593723056
4410,68.47535692998173
4411,29.00744625795215
4412,37.843191687446016
4413,67.01891355558594
4414,54.06766820963885
4415,52.9816961904142
4416,70.97932410477715
4417,31.852103382287762
4418,46.249566451319296
4419,28.652480009750303
4420,36.53043646044135
4421,30.45570563696965
4422,73.98042915587774
4423,29.958175811912977
4424,51.292627706901044
4425,42.99780832626234
4426,43.605929899290516
4427,28.90278756120213
4428,51.20651744115938
4429,62.481759982475666
4430,49.94747824697842
4431,31.26266654297744
4432,39.31580783389945
4433,50.73853582583237
4434,65.49259090981246
4435,26.76190054378068
4436,32.29761653446918
4437,76.18080822064937
4438,27.569797284075715
4439,37.57944595646798
4440,29.844439869666555
4441,31.999155462165742
4442,73.01828788319968
4443,56.65634736623653
4444,50.55935389318596
4445,29.51473637940536
4446,40.07780876197532
4447,66.8869717124497
4448,43.457609351274755
4449,27.519736746427053
4450,42.82749153987444
4451,45.483203342706304
4452,68.96919635494139
4453,51.4612022945418
4454,82.53286717287509
4455,48.47452466085112
4456,60.656130879318
4457,31.877784539816187
4458,44.4622440102807
4459,32.35314261842222
4460,76.54195806159012
4461,70.46784430349464
4462,28.21438482161683
4463,78.48082025918403
4464,69.89138958535082
4465,41.076921057586844
4466,31.568143497284748
4467,32.42650702605083
4468,62.751791852121215
4469,76.93694076535687
4470,24.125912270332886
4471,55.120233069140795
4472,34.1266538105144
4473,25.334045422181685
4474,29.0228399518583
4475,57.8504328702744
4476,34.16477888836898
4477,38.41483916070647
4478,56.00632334600394
4479,34.1683267710809
4480,28.741420338325437
4481,47.01777836183191
4482,45.413719972082845
4483,66.60058142184147
4484,34.125006325770244
4485,27.794796144764998
4486,26.20174091089442
4487,79.04315187928168
4488,70.20976792019309
4489,32.558691649140286
4490,23.88381070326434
4491,47.42632464918526
4492,27.61831948931078
4493,50.61248094520073
4494,25.146084400081175
4495,50.8930808660705
4496,30.743143050368243
4497,41.81221105980386
4498,32.25459370764838
4499,64.99198479239054
4500,23.196065125155993
4501,28.91257836944075
4502,69.85154439917912
4503,63.28619894849847
4504,72.57283876283317
4505,30.84052117840366
4506,56.00104157369812
4507,49.59689501677042
4508,31.768903569402575
4509,73.26945461647925
4510,39.8632317973224
4511,49.93123900932868
4512,34.53290226580722
4513,49.64305895444658
4514,54.090456129388166
4515,47.13435418543233
4516,67.64143945189781
4517,39.89266269048114
4518,23.222353594192693
4519,29.990601561298742
4520,25.604588403733867
4521,36.580768571432145
4522,44.19746072165108
4523,31.85702849081235
4524,47.17401174845003
4525,32.11343138463624
4526,33.0990795654448
4527,31.45822037914311
4528,33.416198423376265
4529,68.29698984170382
4530,48.143299751272764
4531,51.61856984276049
4532,71.39766342335754
4533,31.18045382649043
4534,36.96637208161356
4535,32.60321626594444
4536,61.96237306163202
4537,64.06514145069437
4538,31.77387638517642
4539,31.484876809704556
4540,67.17154913686782
4541,67.69635691760514
4542,28.154974684559473
4543,28.352409015688803
4544,25.03206301210474
4545,66.25311272562008
4546,80.75643738094348
4547,61.68164614493632
4548,73.38516984778003
4549,71.8888139673224
4550,51.48325368139062
4551,54.24271529163512
4552,37.206802851054334
4553,32.96195280818095
4554,46.5901995143249
4555,44.175284791345526
4556,72.19688972047221
4557,47.26739786151188
4558,33.13790239570719
4559,52.95797870891613
4560,29.432240906450414
4561,30.447482752956542
4562,59.996716186626514
4563,36.86842359075995
4564,29.862528554292645
4565,58.31927658294654
4566,34.30797059137659
4567,52.349259959372795
4568,58.23074835793611
4569,56.65353797712842
4570,30.066359464620486
4571,34.93961257403657
4572,27.23621938787661
4573,70.5836665444439
4574,32.244729527877254
4575,30.89328794813981
4576,35.13959411054795
4577,63.27499873779837
4578,74.54926314644004
4579,28.07092264101631
4580,37.90657027077542
4581,49.14297723399856
4582,45.95676458147811
4583,79.29154519148015
4584,27.81453279883167
4585,62.41101272461408
4586,29.577399614180774
4587,31.260427968526145
4588,56.39516812652156
4589,62.57036686656714
4590,66.55628542215031
4591,36.529534795475044
4592,64.29413612218484
4593,71.52055755426065
4594,23.60095657981304
4595,27.576290772734534
4596,48.80904987003761
4597,31.44089380044656
4598,34.760269290760334
4599,35.9010796258039
4600,73.33543580791755
4601,34.152500383809375
4602,37.12324399103113
4603,60.288560468106695
4604,60.287498471932196
4605,76.52661662871444
4606,49.23197601841053
4607,35.07212235985831
4608,38.37731373792862
4609,61.733628485180894
4610,31.744741818181094
4611,32.68886558409464
4612,42.20999194300698
4613,33.606925688432746
4614,33.901841207342486
4615,34.038635685573226
4616,66.03808374362562
4617,37.00282670907826
4618,86.21018839303852
4619,35.974914656993086
4620,38.26876402648335
4621,33.776644019265675
4622,42.525791721805085
4623,27.089943663676703
4624,41.971388351441036
4625,71.37971302573891
4626,60.19096010947159
4627,76.66128785296313
4628,71.23924996353146
4629,33.709296249430395
4630,69.20221814267836
4631,74.89915548477536
4632,51.23332391463356
4633,29.56777062174397
4634,60.207049386343215
4635,42.32657345909397
4636,36.40347526543606
4637,37.960516384767814
4638,65.34756808886054
4639,66.77024176621502
4640,34.690254490375004
4641,66.29575109819497
4642,35.16907370609728
4643,72.25429626958055
4644,36.30716175597509
4645,26.47695079285813
4646,74.17798360370888
4647,69.92177931637839
4648,35.7479687127572
4649,31.629524048843454
4650,44.94197938856173
4651,40.49373195699472
4652,37.96870319275965
4653,64.41285134962267
4654,79.35600352323702
4655,40.84611841964166
4656,32.70641128790588
4657,35.01105740182507
4658,28.134382030196857
4659,58.29330053209751
4660,29.398065715780827
4661,37.31387836716124
4662,57.93145614210566
4663,46.635723026091
4664,75.40007706025155
4665,34.440925809419255
4666,75.69213390707141
4667,26.93703004081844
4668,24.181215692686518
4669,41.13662045974169
4670,40.60803111124192
4671,59.21260219218618
4672,40.957021934458595
4673,33.60326174527691
4674,61.94960874791096
4675,51.555171462485355
4676,32.773536253182684
4677,76.00939423007883
4678,36.1577922938076
4679,52.05166390342008
4680,65.81885186962212
4681,33.48563612126304
4682,68.26713274149965
4683,40.46959449138876
4684,60.1327368845387
4685,36.64658652347792
4686,68.57044545289688
4687,66.63017445780716
4688,42.439046720975654
4689,65.69885102825965
4690,29.258019274699233
4691,69.15975623691679
4692,51.01408585883306
4693,24.953362222717008
4694,72.192473855831
4695,73.14886269364895
4696,60.07260102824576
4697,30.730432483640815
4698,46.93823245818418
4699,66.99602895636964
4700,71.8184430642024
4701,34.53944931365341
4702,38.42277273109569
4703,34.367585960618115
4704,26.260522476391724
4705,39.123892013903614
4706,35.83794315416514
4707,66.63375787667749
4708,29.290939493740165
4709,35.902528041209806
4710,32.47296642631321
4711,34.12788313502301
4712,63.38745430388674
4713,30.652139297700835
4714,42.49586050736039
4715,80.25503513014486
4716,34.76410453528513
4717,70.53661473683604
4718,33.078517020611145
4719,26.408281127602475
4720,74.3473733829358
4721,33.20790191345036
4722,34.417630573395385
4723,25.196656212318633
4724,33.70574288727872
4725,29.73657390185168
4726,36.09313742866756
4727,61.454568852872285
4728,73.43008204911094
4729,60.21076885493203
4730,73.14517769692866
4731,57.91086122225447
4732,37.05956544980913
4733,39.00998226680303
4734,45.387995727218765
4735,31.17276117710463
4736,32.32383189452831
4737,66.91267526855187
4738,29.59076840785222
4739,75.92751511111337
4740,69.31251711485096
4741,27.27924900747983
4742,32.03983354550769
4743,70.9593634269707
4744,52.33703606818822
4745,63.58241882355861
4746,47.232239815338076
4747,62.35711687584508
4748,42.38839309663197
4749,76.25206419834511
4750,31.66186137156144
4751,40.96104764477698
4752,33.606254327761135
4753,67.69913363132821
4754,84.37716051669008
4755,37.03956083428403
4756,58.230483950233435
4757,34.38620257873135
4758,67.00347895705423
4759,28.898271689239632
4760,45.01113923647432
4761,70.27148970437813
4762,32.753933145019644
4763,68.54071288072198
4764,37.65877765118475
4765,23.32122847747787
4766,28.967358713380857
4767,33.3227466165834
4768,28.973809212835373
4769,34.46648637090129
4770,34.10290714675848
4771,33.58349313515748
4772,42.24945421763275
4773,76.2327639087957
4774,44.10705408591787
4775,57.89501617934877
4776,65.71988785865412
4777,30.350139610302683
4778,34.93281352884836
4779,58.13973125457929
4780,45.9291621668615
4781,67.00791727012633
4782,31.359368547723317
4783,38.57512621792286
4784,33.50831084057502
4785,38.49248248954348
4786,32.201976517096554
4787,71.54378519783155
4788,58.83372912863315
4789,75.34348752993382
4790,23.77597859562404
4791,71.6017032652278
4792,59.03075412523074
4793,29.565683122808963
4794,30.108639295515072
4795,31.569722901765626
4796,42.553325292925244
4797,26.499787943081127
4798,34.96706094389455
4799,50.18296042553625
4800,63.651493374106295
4801,25.930408169628432
4802,28.069908109179774
4803,32.4504131035166
4804,31.933069548360617
4805,33.25288122835667
4806,29.24016162196486
4807,70.7613151049875
4808,31.87217905570402
4809,89.54281347133826
4810,60.877003903011634
4811,70.56152852408322
4812,26.066391183246605
4813,29.154660707416593
4814,59.724398221523856
4815,53.10561258350765
4816,55.06109832666594
4817,57.811333894114
4818,37.06142295143361
4819,84.38936070884372
4820,37.94696519349067
4821,33.750278540182606
4822,53.37031253910068
4823,58.817069375103145
4824,36.55092375397917
4825,28.237793058899197
4826,50.76787535941675
4827,25.984426672573587
4828,62.20199863132565
4829,29.34730367759722
4830,68.73489310892285
4831,58.0644824392551
4832,68.48484727493901
4833,28.88433894609555
4834,27.279008754985238
4835,28.830934438273278
4836,23.138657501325923
4837,26.87463707654464
4838,58.0167216310975
4839,85.77698510412529
4840,44.381702296185985
4841,56.776143780660576
4842,31.266628462174776
4843,35.397207797205354
4844,37.40400197794482
4845,29.466480504495518
4846,47.8097885985448
4847,72.89317911164814
4848,71.06266514561777
4849,31.396756022793028
4850,29.361682990353753
4851,36.758862824344334
4852,57.075816025882574
4853,26.649494143083697
4854,33.314990448544066
4855,46.58297015478405
4856,71.716727307409
4857,45.37076075725841
4858,40.468158337996385
4859,37.7645642479091
4860,40.05125372479189
4861,33.63817408556284
4862,30.876256115944628
4863,33.63599696514228
4864,65.41213008271042
4865,33.115100122447174
4866,69.83262314687688
4867,39.660189091659916
4868,42.724284630766704
4869,47.454029283899374
4870,39.44195297820694
4871,68.91880201522811
4872,64.3675834791333
4873,36.14979607114407
4874,32.41096175636682
4875,63.016922521989514
4876,60.76207571207814
4877,32.557136186363834
4878,77.6076695348034
4879,74.04898957544312
4880,35.62675720475539
4881,44.50469015986188
4882,35.02833165901323
4883,33.0810381948302
4884,39.10182565751386
4885,60.02179701989063
4886,70.9731222607309
4887,38.55245133572325
4888,44.61039932154807
4889,31.882392340639786
4890,43.02363490960616
4891,49.34647070192075
4892,29.89395936113075
4893,70.48833778102204
4894,35.46347454479978
4895,29.089237409383397
4896,40.18829756323271
4897,62.75926046669987
4898,41.930970369150224
4899,70.91838029810008
4900,39.625997404264254
4901,64.01682442161426
4902,45.796065775894185
4903,65.46314562732441
4904,53.84433725531625
4905,61.42271893027838
4906,69.15407469635129
4907,35.10754771829907
4908,27.21043844131692
4909,77.68374986574099
4910,44.907936160462384
4911,28.91531743597707
4912,32.4297569445896
4913,72.49499150492498
4914,25.927299178336067
4915,38.08454635195054
4916,41.73590972369056
4917,49.045462166552554
4918,27.19388976210568
4919,67.51704550918086
4920,25.944363264204224
4921,36.27396144264539
4922,35.38666547970712
4923,61.339049484214385
4924,39.11700726904476
4925,48.05290209867541
4926,77.56968903064956
4927,39.90546120474771
4928,72.88212077849163
4929,79.2600997173526
4930,30.744770398469495
4931,47.829566838198886
4932,39.20294985323742
4933,58.0665597551274
4934,34.827414963057905
4935,33.75018903009698
4936,63.54465919331149
4937,30.06428576844169
4938,75.07949458324568
4939,31.52802403155884
4940,43.86269925821242
4941,63.86186398697494
4942,41.812650200581345
4943,63.670273658699784
4944,31.75751829966472
4945,76.99846273072737
4946,26.694109840351384
4947,40.37292187424791
4948,27.179744342444206
4949,38.375109615229306
4950,28.513633088244426
4951,22.407766895332156
4952,40.182011539530876
4953,63.37364581492163
4954,43.16572312144103
4955,71.38608735754424
4956,44.04399155624791
4957,26.053830816082918
4958,57.271187618394265
4959,44.559182303834106
4960,35.959563991731166
4961,28.996975419921622
4962,64.60122622304358
4963,38.89610298789519
4964,45.90159692158757
4965,73.21537125200508
4966,33.902250203886126
4967,46.50503371798037
4968,78.30828720172934
4969,72.81316511934541
4970,70.93438769995407
4971,58.68243328955306
4972,41.12508861909586
4973,26.567700809680158
4974,70.86297057847662
4975,30.923768066172155
4976,41.75860109456402
4977,28.306976362352703
4978,54.266278460789046
4979,42.22598699851173
4980,73.04557014108585
4981,34.32595796512793
4982,31.816071863529046
4983,37.84207076991286
4984,37.79401380248922
4985,60.893567337500556
4986,69.60823161054986
4987,27.597894630166433
4988,50.494716623324216
4989,44.14178652833925
4990,61.797313939796496
4991,66.73822531560724
4992,37.09170407105782
4993,29.298494683756612
4994,46.44611833205602
4995,35.294245326404365
4996,63.88139688420236
4997,59.27896249735235
4998,42.22734475850905
4999,59.89914788056167
